e, e_dot, e_int, stamp, 
1.0138050949966457, 0.017336626794658045, 0.20241428646343598, 1762985118776069218, 
1.014113144039577, 0.0010268301431041553, 0.20278155560219122, 1762985119016021693, 
1.0155311189002927, 0.00575341301215652, 0.20289662386243432, 1762985119176002714, 
1.0155311189002927, 0.004726582869052365, 0.2030116921226775, 1762985119176002714, 
1.0091955331565183, -0.021118619145914508, 0.20268385139714026, 1762985119416067721, 
1.003784345594711, -0.03915591101860535, 0.20190073317676813, 1762985119576255357, 
1.0092727408825892, 0.00025735908690297887, 0.20148350797558792, 1762985119666030397, 
1.0054115367594105, 0.005423970548998162, 0.20123124154911404, 1762985119816063214, 
1.0094795255795856, 0.0006892823233214015, 0.2016109202147724, 1762985119906758215, 
1.0172903205446198, 0.03959594595069745, 0.20214542552557438, 1762985120066008170, 
1.0077930196482188, -0.005621686437889591, 0.2023041910514949, 1762985120216161519, 
1.0234343105397412, 0.02047996665040482, 0.20323451004883866, 1762985120326676890, 
1.027340836689311, 0.0651593901369744, 0.20390454445848474, 1762985120466130794, 
1.0255137808047063, 0.006931567549883777, 0.2050859285355839, 1762985120616096392, 
1.0167650391831284, -0.035252658353942166, 0.20464131044514305, 1762985120726198505, 
1.007995212263079, -0.05839522847209085, 0.20335160215006093, 1762985120865989225, 
0.9988716345435801, -0.059644682131827866, 0.20157545906598584, 1762985120964968477, 
0.9944002560205425, -0.04531652080845531, 0.2000844735218134, 1762985121125009129, 
0.9846907855428992, -0.04726949666893613, 0.19853084507380145, 1762985121266041676, 
0.9803990109824949, -0.046670816793491866, 0.19729933683639578, 1762985121365969411, 
0.9749643528371513, -0.032421442352493036, 0.19600360995750302, 1762985121526326483, 
0.9630902047335778, -0.057696020829723915, 0.1945635712368816, 1762985121666052863, 
0.9610553558812519, -0.04636332318633141, 0.19327399423013206, 1762985121766301488, 
0.9486700424778793, -0.04806720751899474, 0.1915210402061806, 1762985121926119588, 
0.9445523058053881, -0.05501016691954611, 0.1902851802776346, 1762985122066031830, 
0.9396000159532206, -0.03023342174886238, 0.18885482428243253, 1762985122165988903, 
0.9253397335479016, -0.06404190752495505, 0.18729947035376734, 1762985122306268815, 
0.9161904147861559, -0.07803200389021565, 0.18540867761915186, 1762985122466012829, 
0.9031805184498365, -0.07386405032688355, 0.18298071111892628, 1762985122565995579, 
0.8965565356041217, -0.06544626394011395, 0.1810618312560076, 1762985122726101395, 
0.8831048330080878, -0.06691895147249549, 0.1788561258041364, 1762985122821034208, 
0.874625251723484, -0.07310427960212566, 0.17695244135571292, 1762985122965989052, 
0.8530572852334063, -0.10015849258227183, 0.17405249133099857, 1762985123106054932, 
0.8530572852334063, -0.0718932216335925, 0.17204932147935312, 1762985123106054932, 
0.8416524269225619, -0.03801619436948123, 0.16985113315929162, 1762985123221062820, 
0.837959483396596, -0.05032600612270103, 0.16884461303683762, 1762985123366723448, 
0.837959483396596, -0.012309811753219805, 0.16783809291438356, 1762985123366723448, 
0.8169348801915262, -0.07008201068356608, 0.16619025646564786, 1762985123526548785, 
0.8028226112378565, -0.11712290719579836, 0.1638477983217319, 1762985123620200506, 
0.8025574692936248, -0.04792470299300448, 0.1614876640482005, 1762985123766197269, 
0.7866206873903286, -0.054006412825092776, 0.159466717861454, 1762985123867184958, 
0.7866206873903286, -0.05312260634432057, 0.15838658960495214, 1762985123867184958, 
0.7817830469767298, -0.016125468045329328, 0.15700162811715912, 1762985124021227854, 
0.7681823098174899, -0.06146125857612909, 0.15577240294563657, 1762985124166017128, 
0.7556497143631968, -0.0871111087117767, 0.15370767141049443, 1762985124261816036, 
0.7519796842956604, -0.05400875173943165, 0.15172078056508984, 1762985124421083284, 
0.7519796842956604, -0.012233433558454706, 0.15064060553030117, 1762985124421083284, 
0.7454257461922429, -0.02184646034472511, 0.14995900765223757, 1762985124566003133, 
0.7323755884631558, -0.06534698610834888, 0.1486520679300706, 1762985124660932631, 
0.7323755884631558, -0.04350052576362377, 0.14734512820790363, 1762985124660932631, 
0.7185954424307613, -0.04593382010798138, 0.14555644129047152, 1762985124821103599, 
0.7095710847494457, -0.07601501237903337, 0.14403614104289086, 1762985124966040930, 
0.7030523363104286, -0.05181035373444239, 0.1420812575660424, 1762985125066560297, 
0.6992998596906878, -0.03423741686252665, 0.14079488538337082, 1762985125221061303, 
0.6992998596906878, -0.012508255399136248, 0.14011013704612027, 1762985125221061303, 
0.6815754598815073, -0.05908133269726834, 0.13867834528419218, 1762985125366027072, 
0.6726655585940575, -0.08878100365543411, 0.1369027252110835, 1762985125466898648, 
0.6681443786402649, -0.044770270804141234, 0.1348256931410553, 1762985125621535282, 
0.6589371551215419, -0.04576134490838527, 0.13331647282372427, 1762985125716022731, 
0.6589371551215419, -0.0306907450624098, 0.13240124592555658, 1762985125716022731, 
0.6524822223392869, -0.021516442607516877, 0.13135710217215807, 1762985125867026021, 
0.6524822223392869, -0.021516442607516877, 0.1309267733200077, 1762985125867026021, 
0.6436804548237691, -0.029339225051725853, 0.12990965996682285, 1762985126028092500, 
0.6366847284875138, -0.05265831283924364, 0.128856493710038, 1762985126116026955, 
0.6299391477094283, -0.045804357047802835, 0.1273536220680474, 1762985126266766534, 
0.6240943003645167, -0.04196809374332348, 0.1260478784374306, 1762985126376066570, 
0.6111818741602947, -0.06252424516377864, 0.12434768814894932, 1762985126516028422, 
0.6111818741602947, -0.043041420680740204, 0.12309720324567372, 1762985126516028422, 
0.6070523947750744, -0.013764931284067453, 0.1219610762063776, 1762985126667020622, 
0.5978944899720335, -0.04429128062753714, 0.12107525059382684, 1762985126776127909, 
0.5867217315373829, -0.06776887745897169, 0.11944457441896607, 1762985126916036063, 
0.5867217315373829, -0.037242528115501994, 0.11808919686978663, 1762985126916036063, 
0.5779870812441966, -0.02911550097728773, 0.11676203628793082, 1762985127067333449, 
0.5741749189509874, -0.04182270862131854, 0.11592558211550447, 1762985127176103729, 
0.5676855020572709, -0.034338597289752526, 0.11465650015016365, 1762985127316036950, 
0.5676855020572709, -0.021631389645721717, 0.11396972820436861, 1762985127316036950, 
0.5626349815907291, -0.016835068221805843, 0.11320039904701806, 1762985127416158254, 
0.5547550362961511, -0.043101552537065935, 0.11233836799627674, 1762985127576120880, 
0.5453083565017869, -0.05775541696314076, 0.11084655829257781, 1762985127716044191, 
0.5453083565017869, -0.03148893264788066, 0.10969144995331499, 1762985127716044191, 
0.5386496047899894, -0.022195839039325094, 0.10861775451957087, 1762985127816187447, 
0.5306186682874168, -0.0489656273812337, 0.1076384419719462, 1762985127976107234, 
0.5218748611750752, -0.05591581204971385, 0.10607620895016542, 1762985128116046624, 
0.5218748611750752, -0.02914602370780524, 0.10495789270917115, 1762985128116046624, 
0.5169294566704484, -0.016484681682089237, 0.10404527860137325, 1762985128216163691, 
0.5154773474450745, -0.02132504576666916, 0.10361877768603986, 1762985128376154299, 
0.5052551534594555, -0.03891434403664314, 0.10251079717166522, 1762985128516054325, 
0.5052551534594555, -0.03407397995206322, 0.10173251029093236, 1762985128516054325, 
0.5001385695525092, -0.01705527968982083, 0.10070992509809468, 1762985128616165124, 
0.49371603931787233, -0.03846371380527717, 0.09994065082198914, 1762985128776094291, 
0.4864785335166504, -0.04553345345286286, 0.09868887615913545, 1762985128866132025, 
0.4864785335166504, -0.024125019337406517, 0.0977782070900782, 1762985128866132025, 
0.4819931600561853, -0.014951244868216898, 0.09699668180596574, 1762985129016176554, 
0.47922213898578325, -0.024187981769557092, 0.0965129221705746, 1762985129176180082, 
0.46927777788315456, -0.042384607243435846, 0.09536620512834154, 1762985129266144726, 
0.46927777788315456, -0.03314787034209565, 0.09451851298347283, 1762985129266144726, 
0.4617654643820746, -0.025041045003599827, 0.09335473467655891, 1762985129416242113, 
0.45926955253881185, -0.03336075114780901, 0.09268751965360274, 1762985129525948328, 
0.44154945868854395, -0.0673866856451022, 0.0908389650406287, 1762985129666102426, 
0.44154945868854395, -0.05906697950089301, 0.08949123132772666, 1762985129666102426, 
0.41745929538920634, -0.08030054433112536, 0.08670388085108628, 1762985129816167107, 
0.41687504138423037, -0.08224805768104526, 0.08505891969746537, 1762985129976200242, 
0.41132582342040214, -0.020444906562680682, 0.08304401067958926, 1762985130066131066, 
0.41132582342040214, -0.018497393212760782, 0.08263511254833564, 1762985130066131066, 
0.4173108121641204, 0.019949962479060928, 0.08266416393366165, 1762985130216195752, 
0.41189480323653815, 0.001896599387120057, 0.08270209592140404, 1762985130326529645, 
0.4175956652472122, 0.0009495102769726168, 0.08312008537652471, 1762985130466131081, 
0.4175956652472122, 0.019002873368913487, 0.08313907558206417, 1762985130466131081, 
0.4091698075461233, -0.028086192336962967, 0.08295740920270318, 1762985130616210984, 
0.3891747091089583, -0.09473652046084635, 0.08106267879348626, 1762985130706548589, 
0.3785014024847225, -0.10222801687133594, 0.07845639460932026, 1762985130866155214, 
0.3824235586718903, -0.02250383479022659, 0.07667331135103807, 1762985130966089933, 
0.3731203226354056, -0.01793693283105635, 0.0756030189194679, 1762985131106213419, 
0.3731203226354056, -0.031010786788282323, 0.07524428026284677, 1762985131106213419, 
0.3746172111123488, 0.00498962825647727, 0.07472385709221066, 1762985131266109351, 
0.3832450053142395, 0.03374894226277958, 0.07539883593746625, 1762985131366094661, 
0.3832450053142395, 0.02875931400630231, 0.07607381478272185, 1762985131366094661, 
0.3689466285183195, -0.047661255986399996, 0.0756957759431199, 1762985131526491778, 
0.3705502456274077, -0.04231586562277271, 0.07484945863066444, 1762985131666167651, 
0.34891786587289236, -0.06676254215142378, 0.07256098266790796, 1762985131766101131, 
0.35124387207457214, -0.06435457850945181, 0.07138079890499148, 1762985131906066686, 
0.35124387207457214, 0.007753354005599252, 0.07009370733480244, 1762985131906066686, 
0.33725584460823255, -0.04662675822113197, 0.06931623925049178, 1762985132066120176, 
0.33605807259303805, -0.050619331605113636, 0.0683038526183895, 1762985132166122808, 
0.3266058939257815, -0.035499835608170195, 0.06666132074180346, 1762985132306143265, 
0.3266058939257815, -0.03150726222418854, 0.06595132402964007, 1762985132306143265, 
0.32245661849795276, -0.013830918092762415, 0.06504456042330105, 1762985132466175298, 
0.322685830906509, -0.013066876730908339, 0.06478322288868288, 1762985132566112802, 
0.322685830906509, 0.0007640413618540768, 0.06452188535406472, 1762985132566112802, 
0.3158715814378649, -0.02271416489548021, 0.06408288288339219, 1762985132726035367, 
0.3089041557654334, -0.04593891713691863, 0.06316410454065383, 1762985132827365796, 
0.302802251504806, -0.04356443311019642, 0.061838532580540284, 1762985132966105248, 
0.3003980989117485, -0.02835352284561628, 0.06080696707879919, 1762985133106236391, 
0.3003980989117485, -0.008013841976858282, 0.06023989662188687, 1762985133106236391, 
0.29670399776614864, -0.012313670485332903, 0.059833346372643044, 1762985133227170499, 
0.3208563686787324, 0.06819423255661299, 0.0611972310237753, 1762985133366117560, 
0.3111714424769559, 0.048224815702690806, 0.061915453928122456, 1762985133506390707, 
0.3111714424769559, -0.03228308733925508, 0.06287995024217627, 1762985133506390707, 
0.3084285423540482, -0.009143000409692256, 0.06205142848719733, 1762985133627356806, 
0.31322463440585246, 0.006843973096321935, 0.06218830794912377, 1762985133766113735, 
0.30437777537910826, -0.013502556583133152, 0.06173539680926726, 1762985133867077806, 
0.30437777537910826, -0.029489530089147342, 0.061465345677604595, 1762985133867077806, 
0.3042544520137957, -0.00041107788437522164, 0.06086733351813415, 1762985134027179226, 
0.29999886351623134, -0.014596372876256406, 0.060575406060609016, 1762985134166125603, 
0.291577754669198, -0.04225565781532566, 0.059722071346615, 1762985134267566825, 
0.28448790236208504, -0.05170320384715432, 0.058404301369834294, 1762985134426299911, 
0.2837035508869491, -0.02624734594082967, 0.0573179471945488, 1762985134516122104, 
0.2837035508869491, -0.0026145049171198234, 0.05679300027573222, 1762985134516122104, 
0.2784959618797363, -0.01735863002404266, 0.05639353757690896, 1762985134663065745, 
0.2696800829317615, -0.04674489318395869, 0.05545863971322979, 1762985134822179379, 
0.26936464683607164, -0.03043771681221552, 0.05450271277650463, 1762985134921125817, 
0.26936464683607164, -0.0010514536522994906, 0.05389395844026032, 1762985134921125817, 
0.2626365893416405, -0.022426858314770388, 0.053424392200918915, 1762985135061944254, 
0.2626365893416405, -0.022426858314770388, 0.052975855034623515, 1762985135061944254, 
0.25797680375999693, -0.015532618605478646, 0.05221666549621853, 1762985135227275311, 
0.25584131981562, -0.022650898420068327, 0.05176364752781716, 1762985135316157786, 
0.2541421968622452, -0.012782022992505748, 0.05119735469585748, 1762985135481669133, 
0.24849932042976008, -0.02447333128619981, 0.05056552247384169, 1762985135621254725, 
0.2382597134305482, -0.052941611438990045, 0.04939341538150357, 1762985135721136734, 
0.2382597134305482, -0.03413202333070631, 0.048334583152723765, 1762985135721136734, 
0.24049103118300047, 0.007437725841507592, 0.047800697202939786, 1762985135862496591, 
0.22978070633651448, -0.02826335698011236, 0.04723543006333754, 1762985135971178958, 
0.2303163839183662, -0.03391549088211423, 0.04670587476252541, 1762985136121136802, 
0.2303163839183662, 0.0017855919395057263, 0.04602756494488312, 1762985136121136802, 
0.22689766949718315, -0.011395714737276833, 0.0458353624889277, 1762985136262380062, 
0.2182296903617459, -0.04028897852206772, 0.04502958291848635, 1762985136376295463, 
0.21193116198071962, -0.04988835838821176, 0.043803901455976575, 1762985136516185348, 
0.21193116198071962, -0.020995094603420878, 0.04280613428821234, 1762985136516185348, 
0.20968470846272927, -0.007488178393301181, 0.042236468828277904, 1762985136666643849, 
0.2082163483170597, -0.01238271221219972, 0.041988814584033904, 1762985136776192856, 
0.2043313789588784, -0.017844431679502892, 0.04148216238257783, 1762985136921145645, 
0.2043313789588784, -0.012949897860604354, 0.04112527374898777, 1762985136921145645, 
0.1977400512499408, -0.02197109236312537, 0.040426853944513175, 1762985137062176304, 
0.18545336780139307, -0.06292670385828443, 0.039168319867347486, 1762985137171233582, 
0.18544107959517794, -0.04099657218254282, 0.037908966576434125, 1762985137321152373, 
0.19156283687639417, 0.020364896916670316, 0.037497152284864346, 1762985137412305326, 
0.19156283687639417, 0.020405857604054074, 0.03790445022319775, 1762985137412305326, 
0.1835561333752421, -0.026689011670506895, 0.03777878714186869, 1762985137572195682, 
0.18449337910820682, -0.023564859227291162, 0.03730748995732287, 1762985137721155402, 
0.1791326107824, -0.014745075309473646, 0.03647880821772326, 1762985137812305332, 
0.1791326107824, -0.01786922775268938, 0.036183906711533785, 1762985137812305332, 
0.1773449463042223, -0.005958881593925713, 0.03570734452460148, 1762985137972240882, 
0.1661992264330112, -0.04311128116462939, 0.034845118901308904, 1762985138071236956, 
0.1623204949580501, -0.050081504487240656, 0.03372431117968557, 1762985138213503684, 
0.1623204949580501, -0.012929104916536982, 0.03272268108994075, 1762985138213503684, 
0.15648985145139183, -0.019435478355527558, 0.032075389424499466, 1762985138373225216, 
0.15378183401097512, -0.028462203156916593, 0.031506145361361135, 1762985138520167425, 
0.14876224856296708, -0.025758676294749167, 0.0306022622683556, 1762985138613310402, 
0.14876224856296708, -0.016731951493360136, 0.030087088742460615, 1762985138613310402, 
0.14622948088516405, -0.00844255892601009, 0.029583598534073212, 1762985138772291707, 
0.13686863720700992, -0.03964537118652384, 0.028790691110342735, 1762985138870250633, 
0.13192664329180265, -0.047676125311204666, 0.027668317425598443, 1762985139013220856, 
0.13192664329180265, -0.016473313050690924, 0.026714794919374348, 1762985139013220856, 
0.1228250133364385, -0.030338766517880495, 0.025778553328002916, 1762985139172222689, 
0.1239902381459247, -0.02645468381959314, 0.02524945965161106, 1762985139271219058, 
0.1279837645587032, 0.017195837407548986, 0.024986601069404427, 1762985139412264711, 
0.1173990526106934, -0.02197061845077101, 0.02462487035435475, 1762985139507578920, 
0.1173990526106934, -0.03528237316003264, 0.02418545798533933, 1762985139507578920, 
0.10441623292619688, -0.0432760656149884, 0.022614289209838913, 1762985139670255939, 
0.10318035814661683, -0.047395648213588576, 0.021666376245567137, 1762985139813237907, 
