x, y, th, stamp, 
-1.3198813199996948, -3.533189535140991, 3.135611533539841, 1759349334767289882, 
-1.3198813199996948, -3.533189535140991, 3.135611533539841, 1759349334817626993, 
-1.3198813199996948, -3.533189535140991, 3.135611534964551, 1759349334878447547, 
-1.3203257322311401, -3.533062219619751, 3.139714002538519, 1759349334927525131, 
-1.3225984573364258, -3.533186435699463, -3.122976062543429, 1759349334977414976, 
-1.3261263370513916, -3.533287286758423, -3.0941011893846295, 1759349335027556978, 
-1.330224871635437, -3.5334558486938477, -3.0591874030914514, 1759349335073368662, 
-1.3353135585784912, -3.5337319374084473, -3.0155124674645366, 1759349335118472876, 
-1.341447353363037, -3.5344645977020264, -2.96258734644956, 1759349335167871081, 
-1.3473703861236572, -3.5352656841278076, -2.9094145163636322, 1759349335217483682, 
-1.3542290925979614, -3.536710739135742, -2.8477163459969965, 1759349335277381693, 
-1.3596737384796143, -3.5380594730377197, -2.7962532389034758, 1759349335327394838, 
-1.3652616739273071, -3.5398755073547363, -2.745468560850477, 1759349335377401445, 
-1.3708380460739136, -3.5419111251831055, -2.693681463984194, 1759349335427374688, 
-1.376686453819275, -3.544146776199341, -2.6391161031499553, 1759349335479405597, 
-1.380743145942688, -3.5462000370025635, -2.5992077748202442, 1759349335518484663, 
-1.3857766389846802, -3.549160957336426, -2.547740098759098, 1759349335567159332, 
-1.3908954858779907, -3.552319288253784, -2.494583406669866, 1759349335617835864, 
-1.3964776992797852, -3.5564115047454834, -2.432551196080155, 1759349335677346071, 
-1.4011611938476562, -3.5602381229400635, -2.379581012591049, 1759349335727411735, 
-1.4056023359298706, -3.5642659664154053, -2.326439611812632, 1759349335777406147, 
-1.4098498821258545, -3.5683600902557373, -2.273897466798569, 1759349335827486562, 
-1.413798451423645, -3.57279372215271, -2.2218864485188012, 1759349335877380918, 
-1.4170042276382446, -3.5766429901123047, -2.179705484292515, 1759349335917475817, 
-1.4206594228744507, -3.581339120864868, -2.1271988850764836, 1759349335967877088, 
-1.4253606796264648, -3.5885138511657715, -2.0526712575560557, 1759349336039084674, 
-1.4276268482208252, -3.5927908420562744, -2.0113416481397612, 1759349336077371256, 
-1.4302867650985718, -3.5980658531188965, -1.9589931360875537, 1759349336127356724, 
-1.4327212572097778, -3.6035969257354736, -1.9061168699129614, 1759349336177404461, 
-1.435046672821045, -3.610092878341675, -1.845950557379002, 1759349336227402180, 
-1.437629222869873, -3.618621349334717, -1.775947597663355, 1759349336278383537, 
-1.4392534494400024, -3.6261134147644043, -1.716798503459165, 1759349336317474957, 
-1.440910816192627, -3.636044502258301, -1.64008888294758, 1759349336367238002, 
-1.4418895244598389, -3.646103858947754, -1.5653352516510972, 1759349336417423011, 
-1.4422889947891235, -3.6585144996643066, -1.475136695910395, 1759349336479366451, 
-1.4410780668258667, -3.668267250061035, -1.404381660568011, 1759349336527417652, 
-1.4396300315856934, -3.6775074005126953, -1.3362129216710608, 1759349336573382867, 
-1.4372832775115967, -3.6870856285095215, -1.2622965758595857, 1759349336622387157, 
-1.4346710443496704, -3.6960456371307373, -1.1862370005264538, 1759349336672415422, 
-1.4310672283172607, -3.7054004669189453, -1.1087354207513647, 1759349336723495169, 
-1.4272704124450684, -3.7131547927856445, -1.0441904055807405, 1759349336767187233, 
-1.4200835227966309, -3.725379467010498, -0.9412400843562344, 1759349336837621328, 
-1.415189504623413, -3.732060432434082, -0.882957763235358, 1759349336878496806, 
-1.4086593389511108, -3.739767074584961, -0.8087298303968714, 1759349336927407220, 
-1.4018669128417969, -3.7470204830169678, -0.7323605972616415, 1759349336977407621, 
-1.3947489261627197, -3.7536003589630127, -0.6585150125443026, 1759349337027418241, 
-1.3873257637023926, -3.759532928466797, -0.585543187138905, 1759349337077410227, 
-1.3810772895812988, -3.7638964653015137, -0.5274594372239957, 1759349337118514190, 
-1.3733856678009033, -3.7684197425842285, -0.45991815036576666, 1759349337167192274, 
-1.3619378805160522, -3.7738735675811768, -0.3676868004161418, 1759349337237976489, 
-1.3551530838012695, -3.776702404022217, -0.3174107764776357, 1759349337277353356, 
-1.3471705913543701, -3.7794718742370605, -0.25729467968573927, 1759349337327411134, 
-1.3390448093414307, -3.781755208969116, -0.1945427687734434, 1759349337377392584, 
-1.3312970399856567, -3.7835381031036377, -0.13184019519442444, 1759349337427411997, 
-1.323571801185608, -3.784640073776245, -0.07107635106369499, 1759349337477389333, 
-1.317259669303894, -3.785386800765991, -0.02290921059247151, 1759349337518461560, 
-1.3090333938598633, -3.7857649326324463, 0.03490432368661497, 1759349337569919707, 
-1.2978090047836304, -3.785367965698242, 0.11194273896079351, 1759349337637776512, 
-1.2917367219924927, -3.78484845161438, 0.15540547444026184, 1759349337677354350, 
-1.283775806427002, -3.7838618755340576, 0.20991694838488897, 1759349337728354055, 
-1.2766364812850952, -3.782486915588379, 0.2620554713505343, 1759349337777404407, 
-1.2695825099945068, -3.780745506286621, 0.3146292104542115, 1759349337827361774, 
-1.2623740434646606, -3.7785842418670654, 0.36704865748387905, 1759349337878620259, 
-1.2569305896759033, -3.7766125202178955, 0.40650752210636315, 1759349337917510812, 
-1.250388503074646, -3.7741146087646484, 0.4563995282282986, 1759349337968467680, 
-1.2435073852539062, -3.7709312438964844, 0.5050864729876003, 1759349338018018791, 
-1.2354975938796997, -3.7669341564178467, 0.5647314379678438, 1759349338078707478, 
-1.229072093963623, -3.7629477977752686, 0.6156095453996165, 1759349338128956108, 
-1.2233126163482666, -3.7588753700256348, 0.6644959549305178, 1759349338177830616, 
-1.2175170183181763, -3.7546098232269287, 0.7148828738100532, 1759349338227825920, 
-1.2118090391159058, -3.7499349117279053, 0.7655963920096682, 1759349338277716340, 
-1.2074118852615356, -3.7459030151367188, 0.8062642996142754, 1759349338318415337, 
-1.202297329902649, -3.740633249282837, 0.8545632391322545, 1759349338368474593, 
-1.1973052024841309, -3.7348761558532715, 0.9046479606055805, 1759349338417747224, 
-1.1914594173431396, -3.7277793884277344, 0.9658134296854133, 1759349338478529235, 
-1.1871259212493896, -3.7219016551971436, 1.0168918068808332, 1759349338528644663, 
-1.18333101272583, -3.715582847595215, 1.0682064805165186, 1759349338577218461, 
-1.179413914680481, -3.709129571914673, 1.1203214246641204, 1759349338627639421, 
-1.175750970840454, -3.7026591300964355, 1.170036972205429, 1759349338676602242, 
-1.173068642616272, -3.6968994140625, 1.2129442510645054, 1759349338719473125, 
-1.1697487831115723, -3.6878817081451416, 1.2799579855600565, 1759349338786956045, 
-1.1682137250900269, -3.6829674243927, 1.315408006803984, 1759349338820795338, 
-1.1657512187957764, -3.674222707748413, 1.3762742390273595, 1759349338879405006, 
-1.1643532514572144, -3.6668341159820557, 1.4239663297412821, 1759349338928408303, 
-1.1632037162780762, -3.6590781211853027, 1.4736273403509328, 1759349338978420352, 
-1.1626547574996948, -3.651630401611328, 1.5218075896761838, 1759349339026404985, 
-1.1622027158737183, -3.643918037414551, 1.572127846969026, 1759349339076609020, 
-1.1620464324951172, -3.6376867294311523, 1.61483235740021, 1759349339118450024, 
-1.1621497869491577, -3.6301703453063965, 1.6652714108038476, 1759349339168493592, 
-1.16292142868042, -3.622356653213501, 1.7147197859710772, 1759349339219041543, 
-1.1641842126846313, -3.6131255626678467, 1.7738788323609074, 1759349339278414165, 
-1.1657750606536865, -3.605470657348633, 1.822684103511608, 1759349339327388255, 
-1.1677864789962769, -3.5979278087615967, 1.872663950962871, 1759349339377405994, 
-1.170040249824524, -3.5907230377197266, 1.9216354501847046, 1759349339425430199, 
-1.1727404594421387, -3.5832924842834473, 1.9724690977141337, 1759349339475393353, 
-1.17524254322052, -3.577117919921875, 2.0156546780548026, 1759349339518476664, 
-1.1784746646881104, -3.570605516433716, 2.064513611846319, 1759349339568626170, 
-1.1822450160980225, -3.563441276550293, 2.1172188884778502, 1759349339617755277, 
-1.1871856451034546, -3.5551650524139404, 2.179727430527292, 1759349339678763628, 
-1.1916778087615967, -3.548684597015381, 2.2274708198381235, 1759349339727411643, 
-1.1966803073883057, -3.542159080505371, 2.2761436796129164, 1759349339777391260, 
-1.2018507719039917, -3.53583025932312, 2.3283994175380287, 1759349339828423635, 
-1.206756591796875, -3.530369281768799, 2.376376200304633, 1759349339874379888, 
-1.2120161056518555, -3.5252718925476074, 2.4205507948225247, 1759349339918502915, 
-1.2175837755203247, -3.520432472229004, 2.4676637795088396, 1759349339967380571, 
-1.2243235111236572, -3.515063524246216, 2.5179741286837674, 1759349340018592609, 
-1.2321407794952393, -3.509406089782715, 2.577340933169937, 1759349340077747029, 
-1.238993763923645, -3.5050246715545654, 2.627945154758065, 1759349340127416643, 
-1.246125340461731, -3.5010294914245605, 2.6784038219325383, 1759349340177476876, 
-1.2536587715148926, -3.49714994430542, 2.7290106497012165, 1759349340228421483, 
-1.2607007026672363, -3.4940333366394043, 2.7736203017468575, 1759349340273434043, 
-1.2670912742614746, -3.4914157390594482, 2.8192479787137175, 1759349340317417134, 
-1.2752450704574585, -3.488502025604248, 2.8737685443294754, 1759349340367545242, 
-1.283476710319519, -3.4861841201782227, 2.922617910269665, 1759349340417980544, 
-1.2929404973983765, -3.484005928039551, 2.9805133592811957, 1759349340477411827, 
-1.3009282350540161, -3.482736587524414, 3.0307564551806254, 1759349340527416017, 
-1.3092106580734253, -3.481736660003662, 3.0812563956549313, 1759349340577429050, 
-1.3175536394119263, -3.4812304973602295, 3.130375148194174, 1759349340627406739, 
-1.3261624574661255, -3.4809751510620117, -3.1002132842636105, 1759349340679404477, 
-1.3327271938323975, -3.481382131576538, -3.0614447512263205, 1759349340717430282, 
-1.3413426876068115, -3.4817850589752197, -3.0103325925652036, 1759349340768562703, 
-1.3497223854064941, -3.4829351902008057, -2.9617288131953914, 1759349340817682688, 
-1.3599510192871094, -3.484869956970215, -2.901642564618087, 1759349340877631247, 
-1.3680915832519531, -3.486903190612793, -2.8517969123900153, 1759349340927370358, 
-1.3762991428375244, -3.4891533851623535, -2.800534237989203, 1759349340977430869, 
-1.384352445602417, -3.491975784301758, -2.749452809896152, 1759349341027399995, 
-1.3923908472061157, -3.49511981010437, -2.697979223588764, 1759349341077443294, 
-1.3989452123641968, -3.4980435371398926, -2.6567332915928508, 1759349341118433043, 
-1.4061598777770996, -3.501875877380371, -2.608661400184751, 1759349341167467012, 
-1.414277195930481, -3.506706714630127, -2.5576014298814993, 1759349341217721518, 
-1.4236819744110107, -3.5123684406280518, -2.494435754389307, 1759349341278888085, 
-1.4301650524139404, -3.5172998905181885, -2.447246553763608, 1759349341327425271, 
-1.4365036487579346, -3.5225560665130615, -2.3986753720914615, 1759349341377404685, 
-1.4430001974105835, -3.528440237045288, -2.3471063982652653, 1759349341427432555, 
-1.4494763612747192, -3.5346806049346924, -2.294051702928689, 1759349341478410042, 
-1.4540940523147583, -3.5399460792541504, -2.2559042449620517, 1759349341518419040, 
-1.4594696760177612, -3.5466833114624023, -2.2068252885833406, 1759349341567423283, 
-1.4647740125656128, -3.553657054901123, -2.154480837296239, 1759349341617478769, 
-1.4709978103637695, -3.562591791152954, -2.0927769005008545, 1759349341679471982, 
-1.4752479791641235, -3.5701465606689453, -2.0448478722499353, 1759349341727431170, 
-1.4795118570327759, -3.5778682231903076, -1.9926608211854684, 1759349341778435642, 
-1.4832870960235596, -3.5860092639923096, -1.942503965966899, 1759349341827402848, 
-1.4868073463439941, -3.5945656299591064, -1.8912373773876467, 1759349341878437959, 
-1.4890679121017456, -3.601057767868042, -1.8502101432816564, 1759349341918447986, 
-1.4916898012161255, -3.609981060028076, -1.798952128301903, 1759349341968439176, 
-1.4944617748260498, -3.6220552921295166, -1.7312045330101626, 1759349342038432630, 
-1.4955456256866455, -3.6291236877441406, -1.6912515235925498, 1759349342078376374, 
-1.496490478515625, -3.6377975940704346, -1.6406044524736667, 1759349342127432088, 
-1.4972114562988281, -3.64664888381958, -1.5903517144368735, 1759349342177435366, 
-1.4974948167800903, -3.6555917263031006, -1.5395850085965064, 1759349342227435629, 
-1.4973019361495972, -3.664719581604004, -1.488886498605041, 1759349342278413029, 
-1.4966968297958374, -3.6722757816314697, -1.4495199536394099, 1759349342318483653, 
-1.4956549406051636, -3.6815073490142822, -1.3991727318471583, 1759349342368640039, 
-1.4938944578170776, -3.6903860569000244, -1.3500390742154844, 1759349342417649032, 
-1.4914958477020264, -3.7015116214752197, -1.2888804514369259, 1759349342478478087, 
-1.488888144493103, -3.7104432582855225, -1.2387049616004853, 1759349342528377371, 
-1.4859063625335693, -3.7190001010894775, -1.1870694504449788, 1759349342578437718, 
-1.4825912714004517, -3.7271780967712402, -1.1370934949602662, 1759349342627431779, 
-1.4785432815551758, -3.7356860637664795, -1.0857906959754802, 1759349342678440414, 
-1.4752494096755981, -3.742017984390259, -1.0450730745231198, 1759349342718484677, 
-1.4704904556274414, -3.750417709350586, -0.9935594429579182, 1759349342769272171, 
-1.4652950763702393, -3.7578022480010986, -0.9465721368401699, 1759349342817987525, 
-1.4588757753372192, -3.766840934753418, -0.8858715514211827, 1759349342878382664, 
-1.4529097080230713, -3.7742369174957275, -0.8347323868960849, 1759349342929444092, 
-1.4466547966003418, -3.780630111694336, -0.7873269930006527, 1759349342977422000, 
-1.4399863481521606, -3.7875137329101562, -0.7359541788115312, 1759349343027463473, 
-1.4327129125595093, -3.7938895225524902, -0.6855418457366794, 1759349343078432034, 
-1.4269307851791382, -3.798825263977051, -0.6436500404976027, 1759349343118788490, 
-1.4192975759506226, -3.8045191764831543, -0.5928042080932768, 1759349343168619320, 
-1.4113713502883911, -3.8099355697631836, -0.5429341158284886, 1759349343218545316, 
-1.4016038179397583, -3.8157269954681396, -0.48244466987258744, 1759349343278536274, 
-1.3931219577789307, -3.8201584815979004, -0.4324636238095712, 1759349343328486031, 
-1.3842281103134155, -3.824201822280884, -0.3835946661837384, 1759349343378462815, 
-1.3750344514846802, -3.8279800415039062, -0.33223140014716696, 1759349343428406611, 
-1.3660533428192139, -3.831148624420166, -0.2826641187565966, 1759349343478446470, 
-1.3585476875305176, -3.8332691192626953, -0.24225634885020525, 1759349343518485995, 
-1.3493545055389404, -3.8356239795684814, -0.19135608900531798, 1759349343568840764, 
-1.335843801498413, -3.8381645679473877, -0.1214587921842318, 1759349343638952940, 
-1.3283408880233765, -3.8391916751861572, -0.08149288805665252, 1759349343678833584, 
-1.3185772895812988, -3.8400702476501465, -0.031577232155235724, 1759349343728893074, 
-1.3087621927261353, -3.840409755706787, 0.019097596849091802, 1759349343779722337, 
-1.2990549802780151, -3.84020733833313, 0.06872800071078099, 1759349343827631775, 
-1.2892177104949951, -3.839487075805664, 0.1182587096741139, 1759349343877511654, 
-1.2809275388717651, -3.8386635780334473, 0.16230468929281716, 1759349343919868968, 
-1.2708556652069092, -3.8371129035949707, 0.21441463961679813, 1759349343969672993, 
-1.261346459388733, -3.835042953491211, 0.2655916294774531, 1759349344020547661, 
-1.2499260902404785, -3.8318302631378174, 0.323548544152047, 1759349344078303452, 
-1.2404030561447144, -3.8285486698150635, 0.3721133621690608, 1759349344128449548, 
-1.2311573028564453, -3.8250908851623535, 0.42347468101339186, 1759349344178431549, 
-1.222271203994751, -3.8209705352783203, 0.47136300585064966, 1759349344226430837, 
-1.2131911516189575, -3.8165194988250732, 0.521331907517143, 1759349344276788530, 
-1.2057194709777832, -3.8122336864471436, 0.563980108113487, 1759349344318521803, 
-1.1943020820617676, -3.804837703704834, 0.6311272354000682, 1759349344387067840, 
-1.1889853477478027, -3.8009262084960938, 0.6637148731707592, 1759349344418895035, 
-1.1792519092559814, -3.793327808380127, 0.7242117264100186, 1759349344478434877, 
-1.1716246604919434, -3.786620855331421, 0.7746257777224711, 1759349344528425452, 
-1.1643513441085815, -3.7795052528381348, 0.82609582252279, 1759349344578456239, 
-1.1576975584030151, -3.7723405361175537, 0.8742168364106724, 1759349344625423673, 
-1.1510523557662964, -3.764434576034546, 0.9240826131137888, 1759349344675428220, 
-1.1456434726715088, -3.757436752319336, 0.9672996689242624, 1759349344718613759, 
-1.1396403312683105, -3.7489688396453857, 1.0194347086676643, 1759349344768432076, 
-1.134367823600769, -3.740501880645752, 1.0704218580695202, 1759349344818668464, 
-1.1285606622695923, -3.729766845703125, 1.1300943126363576, 1759349344878934393, 
-1.1241263151168823, -3.7202138900756836, 1.1801684469347755, 1759349344928413540, 
-1.1201884746551514, -3.7109053134918213, 1.2300060435065172, 1759349344978443718, 
-1.116576910018921, -3.7011234760284424, 1.280348253304331, 1759349345029453486, 
-1.1140551567077637, -3.6924643516540527, 1.3263013919023647, 1759349345073427198, 
-1.1119589805603027, -3.6835970878601074, 1.3722909369631087, 1759349345118524016, 
-1.1099200248718262, -3.673555850982666, 1.4226231451083695, 1759349345168459228, 
-1.1084707975387573, -3.6635851860046387, 1.4722280351227848, 1759349345218979289, 
-1.1073700189590454, -3.650907039642334, 1.5321708240427236, 1759349345278401235, 
-1.1069210767745972, -3.640300750732422, 1.5831444210140275, 1759349345328478759, 
-1.1069012880325317, -3.6298892498016357, 1.6330120815598097, 1759349345378441020, 
-1.1076116561889648, -3.6197476387023926, 1.6831283596272102, 1759349345428423414, 
-1.1086434125900269, -3.610103130340576, 1.7305734364020793, 1759349345474447783, 
-1.1100438833236694, -3.6011972427368164, 1.7767237105873557, 1759349345518529590, 
-1.1122487783432007, -3.590557813644409, 1.8272576447906959, 1759349345568119287, 
-1.114880084991455, -3.5805869102478027, 1.8771945340057508, 1759349345619041235, 
-1.1187052726745605, -3.5689516067504883, 1.9353714471642978, 1759349345678813412, 
-1.122451901435852, -3.55886173248291, 1.985290939114368, 1759349345728412005, 
-1.1268177032470703, -3.548912763595581, 2.0368197428355486, 1759349345778466493, 
-1.1317799091339111, -3.5389740467071533, 2.088444665922415, 1759349345828423276, 
-1.1369637250900269, -3.5294649600982666, 2.1412511838775927, 1759349345879512971, 
-1.141650915145874, -3.522369146347046, 2.1806842877988974, 1759349345918467667, 
-1.1503432989120483, -3.5101349353790283, 2.2500423860029994, 1759349345988167240, 
-1.1545039415359497, -3.5048608779907227, 2.2810708112386116, 1759349346018587359, 
-1.1615036725997925, -3.496696710586548, 2.331909120715606, 1759349346068204395, 
-1.170573353767395, -3.4875667095184326, 2.3927073759470403, 1759349346128474729, 
-1.1782575845718384, -3.4801833629608154, 2.4435300152501904, 1759349346178638859, 
-1.1866178512573242, -3.4735848903656006, 2.494254848789518, 1759349346228544309, 
-1.1951665878295898, -3.466991424560547, 2.544305967051864, 1759349346279599012, 
-1.2022508382797241, -3.462371826171875, 2.5829874115523066, 1759349346318618452, 
-1.2112144231796265, -3.4567127227783203, 2.6339946159527763, 1759349346368650021, 
-1.2208811044692993, -3.4516570568084717, 2.683781149646004, 1759349346418573708, 
-1.2325119972229004, -3.4459445476531982, 2.7445130649894227, 1759349346478420316, 
-1.2424306869506836, -3.441908359527588, 2.796243103340078, 1759349346528415189, 
-1.2530183792114258, -3.4381041526794434, 2.846362143707037, 1759349346578461948, 
-1.263422966003418, -3.435051441192627, 2.8958449287354866, 1759349346628437068, 
-1.2740474939346313, -3.432546615600586, 2.945151568189209, 1759349346678456731, 
-1.2825978994369507, -3.4307639598846436, 2.9856123745518746, 1759349346718574377, 
-1.293541669845581, -3.4289815425872803, 3.0359299290928234, 1759349346768733761, 
-1.3087937831878662, -3.4274771213531494, 3.107171294587168, 1759349346838897739, 
-1.3179856538772583, -3.427037000656128, -3.1353659628689994, 1759349346879545077, 
-1.3285263776779175, -3.427201986312866, -3.085236547514143, 1759349346928472739, 
-1.3403407335281372, -3.4279520511627197, -3.035126429878581, 1759349346978436962, 
-1.3514533042907715, -3.4291625022888184, -2.9856993997285204, 1759349347028456750, 
-1.3618870973587036, -3.430903911590576, -2.9362578099265293, 1759349347078437946, 
-1.3709806203842163, -3.4325923919677734, -2.893611410102836, 1759349347119478826, 
-1.3814890384674072, -3.435532808303833, -2.843105804738173, 1759349347168828695, 
-1.3966693878173828, -3.440429925918579, -2.771561418528844, 1759349347238686910, 
-1.4052444696426392, -3.443704128265381, -2.732091646339519, 1759349347279686969, 
-1.4156757593154907, -3.448397159576416, -2.6839370659696256, 1759349347328450766, 
-1.4254835844039917, -3.453371286392212, -2.634053656424011, 1759349347378463371, 
-1.4353479146957397, -3.4588704109191895, -2.5833086415603614, 1759349347428432066, 
-1.4446638822555542, -3.4648020267486572, -2.5340383482547466, 1759349347478466654, 
-1.4518553018569946, -3.4699385166168213, -2.495131025730665, 1759349347518440434, 
-1.4611555337905884, -3.4769437313079834, -2.4460282467655867, 1759349347568874961, 
-1.4700725078582764, -3.4844412803649902, -2.396937874393306, 1759349347618191878, 
-1.4798465967178345, -3.493767023086548, -2.338921511349289, 1759349347678404673, 
-1.487622618675232, -3.5020196437835693, -2.290166103628403, 1759349347728474875, 
-1.4952921867370605, -3.5105350017547607, -2.2394048000307643, 1759349347778465849, 
-1.5024058818817139, -3.519780158996582, -2.187929661606369, 1759349347828462586, 
-1.5092835426330566, -3.529416561126709, -2.137491590525135, 1759349347878443528, 
-1.5143101215362549, -3.5374467372894287, -2.0967622125350593, 1759349347918464617, 
-1.520336389541626, -3.5476324558258057, -2.0452718218303585, 1759349347969941263, 
-1.527267336845398, -3.561880588531494, -1.9766993145933627, 1759349348038805286, 
-1.5309736728668213, -3.570387363433838, -1.9368453696809458, 1759349348078434438, 
-1.535137414932251, -3.581326723098755, -1.887267237796477, 1759349348129452003, 
-1.5387870073318481, -3.5922670364379883, -1.8381892233357022, 1759349348177468966, 
-1.5417686700820923, -3.603875160217285, -1.7869277541261093, 1759349348228491153, 
-1.544238567352295, -3.6151959896087646, -1.7359400597484458, 1759349348278467378, 
-1.5457512140274048, -3.624415636062622, -1.6959271392686501, 1759349348318471260, 
-1.5472577810287476, -3.6362528800964355, -1.645691006685694, 1759349348369854050, 
-1.5481809377670288, -3.652453899383545, -1.5772063420396176, 1759349348438475686, 
-1.5481946468353271, -3.662036180496216, -1.5372114540223354, 1759349348478411678, 
-1.5476542711257935, -3.674405813217163, -1.4860102470729268, 1759349348528632990, 
-1.5465511083602905, -3.6863491535186768, -1.4343576407517251, 1759349348578578074, 
-1.5450159311294556, -3.6976242065429688, -1.3829899898035691, 1759349348628572964, 
-1.542844533920288, -3.708738088607788, -1.3341933526208902, 1759349348678525311, 
-1.540420413017273, -3.7180256843566895, -1.294910003826048, 1759349348718467950, 
-1.5369279384613037, -3.7297494411468506, -1.2428991917236534, 1759349348768839826, 
-1.532928228378296, -3.7409214973449707, -1.1920865784883037, 1759349348818553424, 
-1.5276163816452026, -3.7539288997650146, -1.1338584161457608, 1759349348878659937, 
-1.5223543643951416, -3.764842987060547, -1.0823619900382888, 1759349348929442379, 
-1.516579508781433, -3.7758302688598633, -1.0295021093749055, 1759349348981012708, 
-1.510533332824707, -3.785642147064209, -0.9833294351247376, 1759349349027810202, 
-1.5036414861679077, -3.795600175857544, -0.9349939970217215, 1759349349077830448, 
-1.4976106882095337, -3.8036112785339355, -0.8912278302632533, 1759349349119130229, 
-1.48971688747406, -3.8133580684661865, -0.8375086502391632, 1759349349171048889, 
-1.4815632104873657, -3.822679281234741, -0.7869914496677238, 1759349349220469841, 
-1.4710437059402466, -3.832456350326538, -0.7298472296030208, 1759349349278453837, 
-1.461748480796814, -3.8404324054718018, -0.68051994426212, 1759349349328758491, 
-1.452410340309143, -3.8478856086730957, -0.6333855481438615, 1759349349378457511, 
-1.4429486989974976, -3.8545868396759033, -0.5847659208917781, 1759349349426530314, 
-1.4321362972259521, -3.861804962158203, -0.5332832028884343, 1759349349476479704, 
-1.4230905771255493, -3.8669018745422363, -0.49187401946514936, 1759349349518557881, 
-1.4084515571594238, -3.874521255493164, -0.42495623309597436, 1759349349586561645, 
-1.4015467166900635, -3.8774633407592773, -0.39230613427547095, 1759349349618152571, 
-1.3903236389160156, -3.8818838596343994, -0.3434103874248223, 1759349349666610511, 
-1.375324010848999, -3.8871266841888428, -0.27860117255432487, 1759349349728452189, 
-1.3633629083633423, -3.8904969692230225, -0.22748549513316904, 1759349349778489361, 
-1.3517816066741943, -3.8929409980773926, -0.18011932893479352, 1759349349826446093, 
-1.3394415378570557, -3.895137071609497, -0.13026770501672993, 1759349349875452784, 
-1.328810214996338, -3.8964922428131104, -0.08788031635071161, 1759349349918839064, 
-1.316384196281433, -3.8973042964935303, -0.03779829044324591, 1759349349968509130, 
-1.3036582469940186, -3.8975789546966553, 0.010985477800237967, 1759349350018367325, 
-1.2886327505111694, -3.897153377532959, 0.0710081026327698, 1759349350078754454, 
-1.275786280632019, -3.8959310054779053, 0.12076096148172578, 1759349350128484733, 
-1.2633363008499146, -3.894428014755249, 0.17217525088399277, 1759349350178445591, 
-1.2505626678466797, -3.8920774459838867, 0.22404341996841465, 1759349350229486104, 
-1.2388241291046143, -3.889357328414917, 0.2695574503794166, 1759349350274448249, 
-1.227442741394043, -3.8859267234802246, 0.3130180493397906, 1759349350318463173, 
-1.2150381803512573, -3.8816356658935547, 0.3633394330426064, 1759349350368669696, 
-1.202584147453308, -3.876546859741211, 0.41552139610971883, 1759349350418129458, 
-1.1904685497283936, -3.8710007667541504, 0.46562195280067215, 1759349350468515235, 
-1.1762319803237915, -3.863311290740967, 0.5255143939883808, 1759349350528804028, 
-1.1649090051651, -3.856492042541504, 0.5749637364417062, 1759349350578481110, 
-1.1537621021270752, -3.84892201423645, 0.6264253924842605, 1759349350628449571, 
-1.1438173055648804, -3.8414337635040283, 0.6719653910134809, 1759349350674451006, 
-1.1348097324371338, -3.833937883377075, 0.7151608173600318, 1759349350718480320, 
-1.124169945716858, -3.824732780456543, 0.7674442003273898, 1759349350768850082, 
-1.1145001649856567, -3.8147988319396973, 0.817582123145871, 1759349350818592429, 
-1.1034941673278809, -3.8024959564208984, 0.8774365062792103, 1759349350878628208, 
-1.0951677560806274, -3.79215407371521, 0.9274512022620865, 1759349350928494004, 
-1.0871186256408691, -3.781059741973877, 0.9774736957459582, 1759349350978482747, 
-1.0795385837554932, -3.76942777633667, 1.0265450785362433, 1759349351028449225, 
-1.0726714134216309, -3.757518768310547, 1.0779447482770343, 1759349351079589176, 
-1.0677969455718994, -3.7479066848754883, 1.1179892641371691, 1759349351118505678, 
-1.0618356466293335, -3.7355034351348877, 1.1686303200884982, 1759349351168957323, 
-1.0567299127578735, -3.722651958465576, 1.2178503159725313, 1759349351218889033, 
-1.0513644218444824, -3.7069146633148193, 1.2779082595741518, 1759349351278451397, 
-1.0477843284606934, -3.6938717365264893, 1.327897592124996, 1759349351328439145, 
-1.0447232723236084, -3.680220127105713, 1.3792252852912048, 1759349351378496559, 
-1.0422443151474, -3.666407585144043, 1.4304680801942418, 1759349351428450313, 
-1.0406255722045898, -3.6524899005889893, 1.4810027832086665, 1759349351478460924, 
-1.039719581604004, -3.64143443107605, 1.520675309222252, 1759349351518509204, 
-1.0392707586288452, -3.6276772022247314, 1.5707642048975052, 1759349351568449553, 
-1.039484977722168, -3.6138200759887695, 1.621025194958051, 1759349351618284877, 
-1.0407837629318237, -3.5968432426452637, 1.6800577104460286, 1759349351678810202, 
-1.0425777435302734, -3.5828588008880615, 1.730008619459687, 1759349351728497064, 
-1.0447190999984741, -3.570157766342163, 1.778146369669115, 1759349351775463403, 
-1.0479021072387695, -3.5570333003997803, 1.826634140359369, 1759349351824484355, 
-1.052025318145752, -3.5422780513763428, 1.8812942656535196, 1759349351878463111, 
-1.0556640625, -3.5313282012939453, 1.9222952376483884, 1759349351919559252, 
-1.0613402128219604, -3.517306327819824, 1.9739027323709006, 1759349351972640670, 
-1.0661507844924927, -3.5062639713287354, 2.018122317899086, 1759349352014767653, 
-1.075142741203308, -3.4887356758117676, 2.089549094864448, 1759349352084346915, 
-1.0820958614349365, -3.477196455001831, 2.1370703489368807, 1759349352131480499, 
-1.08878493309021, -3.467095136642456, 2.179094018272478, 1759349352174486636, 
-1.0980161428451538, -3.454744338989258, 2.2327928103230534, 1759349352228469183, 
-1.1069941520690918, -3.4435040950775146, 2.283600312788759, 1759349352278640027, 
-1.1146478652954102, -3.4346859455108643, 2.3248928345113304, 1759349352319541837, 
-1.1248279809951782, -3.4243788719177246, 2.374420232611095, 1759349352369045190, 
-1.1352003812789917, -3.4146907329559326, 2.4247212658281065, 1759349352418536013, 
-1.1486101150512695, -3.4037842750549316, 2.4846584845518715, 1759349352478431718, 
-1.1602157354354858, -3.3950653076171875, 2.5346712777983575, 1759349352528501699, 
-1.17254638671875, -3.386913299560547, 2.584308602582645, 1759349352578490184, 
-1.184919834136963, -3.379514217376709, 2.634531845115192, 1759349352628485298, 
-1.1977351903915405, -3.3727996349334717, 2.686064678427048, 1759349352678466826, 
-1.2079949378967285, -3.367947578430176, 2.7256777424694736, 1759349352718568866, 
-1.221663236618042, -3.3622653484344482, 2.77413342187158, 1759349352769006556, 
-1.2354665994644165, -3.3571715354919434, 2.8236190799631027, 1759349352818865740, 
-1.2521203756332397, -3.3522965908050537, 2.883367080404327, 1759349352878519429, 
-1.2663642168045044, -3.348726987838745, 2.9368038161484793, 1759349352928437006, 
-1.2808902263641357, -3.346066474914551, 2.986227290526991, 1759349352978493289, 
-1.2953574657440186, -3.3441390991210938, 3.036245578058052, 1759349353028490709, 
-1.310072422027588, -3.342791795730591, 3.086714026654568, 1759349353078493462, 
-1.3218128681182861, -3.3422775268554688, 3.128121612515997, 1759349353118552224, 
-1.3366308212280273, -3.3421852588653564, -3.1038167472586764, 1759349353169319728, 
-1.3514518737792969, -3.343245029449463, -3.0549693084780287, 1759349353218505770, 
-1.3688884973526, -3.3451859951019287, -2.994205976652391, 1759349353278488776, 
-1.3838658332824707, -3.347787618637085, -2.943041821872069, 1759349353329514659, 
-1.3980287313461304, -3.3508825302124023, -2.893938523272218, 1759349353378466131, 
-1.4123626947402954, -3.3548367023468018, -2.844806205740762, 1759349353428493683, 
-1.426779866218567, -3.3595664501190186, -2.794629283167692, 1759349353478621243, 
-1.4380334615707397, -3.363697052001953, -2.753178840085201, 1759349353518572711, 
-1.4518862962722778, -3.369669198989868, -2.701108004328936, 1759349353570075831, 
-1.4704222679138184, -3.3790929317474365, -2.6322745418854954, 1759349353638910492, 
-1.4807275533676147, -3.385162353515625, -2.592318186575383, 1759349353678532874, 
-1.4933592081069946, -3.3930695056915283, -2.541551140321116, 1759349353728432199, 
-1.5058410167694092, -3.401982307434082, -2.491771120173692, 1759349353778670866, 
-1.517614483833313, -3.4113595485687256, -2.4407549751353894, 1759349353828442907, 
-1.5288876295089722, -3.421186685562134, -2.3903224262638245, 1759349353878639142, 
-1.5376243591308594, -3.4296274185180664, -2.349762665031119, 1759349353918594537, 
-1.5480396747589111, -3.440490484237671, -2.30029217463734, 1759349353968605437, 
-1.5578992366790771, -3.4521234035491943, -2.2513137750372425, 1759349354018689614, 
-1.5688592195510864, -3.4664254188537598, -2.189710114680766, 1759349354078255875, 
-1.5780284404754639, -3.4793813228607178, -2.1346834475937375, 1759349354130516515, 
-1.585985779762268, -3.492537260055542, -2.0844812166166005, 1759349354180494449, 
-1.5927599668502808, -3.5053374767303467, -2.0381249341494727, 1759349354227204843, 
-1.5992541313171387, -3.519144058227539, -1.9878641343668384, 1759349354277291797, 
-1.6044111251831055, -3.5308799743652344, -1.9455677277672039, 1759349354319952620, 
-1.6095117330551147, -3.5453989505767822, -1.8964665991165666, 1759349354370113553, 
-1.6142853498458862, -3.5600342750549316, -1.84455811343659, 1759349354421013804, 
-1.6185839176177979, -3.5774805545806885, -1.7865865460935624, 1759349354478512539, 
-1.6215933561325073, -3.592649221420288, -1.7376378575445168, 1759349354528608237, 
-1.6239668130874634, -3.608046531677246, -1.6861200784330197, 1759349354579747230, 
-1.6252670288085938, -3.6228089332580566, -1.6381740804561342, 1759349354626480728, 
-1.626074194908142, -3.6381962299346924, -1.5865406356085454, 1759349354676487595, 
-1.626029372215271, -3.6512866020202637, -1.5443629178481517, 1759349354718583554, 
-1.6248046159744263, -3.6725127696990967, -1.4774774649452425, 1759349354786487632, 
-1.6237016916275024, -3.6823854446411133, -1.4454208670669242, 1759349354818911883, 
-1.6210421323776245, -3.7006888389587402, -1.3844509724864567, 1759349354878742986, 
-1.6177500486373901, -3.7160732746124268, -1.3349575171674257, 1759349354928544112, 
-1.613676905632019, -3.7313997745513916, -1.2848156385542944, 1759349354978483928, 
-1.609392523765564, -3.7453885078430176, -1.2376380841189718, 1759349355025551939, 
-1.604075312614441, -3.7599244117736816, -1.188079377259124, 1759349355075557741, 
-1.5987533330917358, -3.772634267807007, -1.1454173048063865, 1759349355118632266, 
-1.591902256011963, -3.7870728969573975, -1.0948743575679978, 1759349355168617188, 
-1.5843604803085327, -3.8008370399475098, -1.0443126049125708, 1759349355218740194, 
-1.5745971202850342, -3.817157030105591, -0.9829920715540676, 1759349355279474645, 
-1.5654869079589844, -3.8301143646240234, -0.9353006530413059, 1759349355328511845, 
-1.5560004711151123, -3.8425066471099854, -0.8870297431867924, 1759349355378518774, 
-1.545929193496704, -3.8543927669525146, -0.8362232502057982, 1759349355429717050, 
-1.5357030630111694, -3.865173578262329, -0.790364358392212, 1759349355475472666, 
-1.525848388671875, -3.8749427795410156, -0.7470809844494097, 1759349355518604569, 
-1.5138643980026245, -3.8855338096618652, -0.6977856681962893, 1759349355568669976, 
-1.5015186071395874, -3.895514488220215, -0.6476442877395824, 1759349355618660201, 
-1.4860631227493286, -3.906661033630371, -0.5883948112510169, 1759349355678588594, 
-1.4727286100387573, -3.915160655975342, -0.5399182241800622, 1759349355728517393, 
-1.4588426351547241, -3.923168182373047, -0.4897985703483483, 1759349355778480955, 
-1.4444700479507446, -3.930460214614868, -0.4393126314130515, 1759349355828504948, 
-1.4311749935150146, -3.9364213943481445, -0.39470378056074457, 1759349355874486625, 
-1.4181774854660034, -3.9415478706359863, -0.3528483539211041, 1759349355918489178, 
-1.403306007385254, -3.946730852127075, -0.3041025378675934, 1759349355968607634, 
-1.3879497051239014, -3.951326370239258, -0.2545626149081983, 1759349356019630660, 
-1.3692314624786377, -3.955612897872925, -0.19684024294884803, 1759349356078599894, 
-1.3533241748809814, -3.9585437774658203, -0.14730334182044028, 1759349356128499661, 
-1.3372138738632202, -3.9606728553771973, -0.09838656488211008, 1759349356178507733, 
-1.321036458015442, -3.961981773376465, -0.04971181903160581, 1759349356228503496, 
-1.3047785758972168, -3.962419271469116, 0.0015220655186256211, 1759349356280069984, 
-1.2919886112213135, -3.9622786045074463, 0.04114912687750274, 1759349356318492525, 
-1.275744915008545, -3.961216688156128, 0.09107588964550818, 1759349356368170890, 
-1.2596551179885864, -3.959441661834717, 0.1392789919997342, 1759349356419057324, 
-1.2406518459320068, -3.9562511444091797, 0.19847953336315424, 1759349356478817322, 
-1.2246716022491455, -3.9526209831237793, 0.24770172252109535, 1759349356528831260, 
-1.2089266777038574, -3.9483158588409424, 0.2968893457327773, 1759349356578508715, 
-1.1934378147125244, -3.9432616233825684, 0.3458044608671875, 1759349356628479028, 
-1.1779483556747437, -3.937458038330078, 0.39544010408553776, 1759349356679482679, 
-1.1649936437606812, -3.931793689727783, 0.4372381915345747, 1759349356722511653, 
-1.1504539251327515, -3.9244699478149414, 0.48559001431230153, 1759349356772224310, 
-1.138448715209961, -3.917860984802246, 0.5257412918968054, 1759349356814818224, 
-1.119631290435791, -3.906287670135498, 0.5891492519489379, 1759349356882637093, 
-1.1063570976257324, -3.8969202041625977, 0.6367553374816458, 1759349356932520334, 
-1.0954005718231201, -3.8885722160339355, 0.6766990809647634, 1759349356974526121, 
-1.0830960273742676, -3.878340005874634, 0.7238176139991244, 1759349357023480419, 
-1.071189045906067, -3.8673524856567383, 0.7697643151913094, 1759349357073500387, 
-1.0591291189193726, -3.8555898666381836, 0.8192286978064073, 1759349357125512220, 
-1.0489895343780518, -3.844120502471924, 0.8639054991434717, 1759349357171216626, 
-1.039616584777832, -3.833134174346924, 0.9065594668089939, 1759349357214581537, 
-1.0259273052215576, -3.8147642612457275, 0.9724316979974692, 1759349357284914689, 
-1.0181390047073364, -3.802626371383667, 1.0139206770949738, 1759349357328525841, 
-1.0094590187072754, -3.7882139682769775, 1.0627621274039702, 1759349357378522936, 
-1.0019148588180542, -3.774080514907837, 1.1088970598120766, 1759349357428515555, 
-0.9947429299354553, -3.7585792541503906, 1.1553636162855452, 1759349357478490305, 
-0.9894165992736816, -3.746633768081665, 1.193787909196778, 1759349357519501150, 
-0.9836336970329285, -3.731315851211548, 1.2397051729010637, 1759349357568291812, 
-0.9768462181091309, -3.7093520164489746, 1.306158503068429, 1759349357638153120, 
-0.9731640815734863, -3.6965203285217285, 1.3450015312409693, 1759349357679638828, 
-0.9696964025497437, -3.6801812648773193, 1.3907883499601466, 1759349357728526858, 
-0.9668303728103638, -3.663466453552246, 1.4372509913636036, 1759349357778533369, 
-0.9647806882858276, -3.6470141410827637, 1.4835714961914497, 1759349357828498157, 
-0.9635211825370789, -3.630584716796875, 1.5301312579226056, 1759349357878823310, 
-0.9629396200180054, -3.6171555519104004, 1.5669938965877828, 1759349357918500483, 
-0.9632389545440674, -3.6004836559295654, 1.613277433154339, 1759349357968302587, 
-0.9640809893608093, -3.5838682651519775, 1.6612344471161926, 1759349358018639904, 
-0.9662180542945862, -3.5638716220855713, 1.7177567779879859, 1759349358079473290, 
-0.9691982269287109, -3.5476739406585693, 1.7624489438183324, 1759349358128529717, 
-0.9724388718605042, -3.531351327896118, 1.8093611477243732, 1759349358178515173, 
-0.9767452478408813, -3.515342950820923, 1.8565176691951129, 1759349358228520198, 
-0.9816192984580994, -3.499251365661621, 1.904414715665851, 1759349358279496434, 
-0.9861340522766113, -3.4869470596313477, 1.9407655074974879, 1759349358318512655, 
-0.991982102394104, -3.4713854789733887, 1.9869684353186798, 1759349358369788826, 
-0.9987629652023315, -3.4566702842712402, 2.029321881364015, 1759349358418936074, 
-1.0078598260879517, -3.4387054443359375, 2.0820035760921547, 1759349358478504634, 
-1.0156753063201904, -3.4250714778900146, 2.127193778537972, 1759349358529461774, 
-1.0246535539627075, -3.4112205505371094, 2.1714273447326957, 1759349358578529234, 
-1.0349047183990479, -3.3968307971954346, 2.2148833112422928, 1759349358628507807, 
-1.0449470281600952, -3.3835957050323486, 2.2594199727090984, 1759349358678525124, 
-1.05349862575531, -3.373356342315674, 2.2949117512432182, 1759349358718506817, 
-1.06472909450531, -3.3607819080352783, 2.341234627806443, 1759349358769481314, 
-1.0763078927993774, -3.3491415977478027, 2.3868268414438485, 1759349358818777226, 
-1.0908327102661133, -3.3356950283050537, 2.4429986551007694, 1759349358879634397, 
-1.1034643650054932, -3.3253397941589355, 2.4863414442651544, 1759349358928533536, 
-1.1166330575942993, -3.315340280532837, 2.5305298389619044, 1759349358978498588, 
-1.1302783489227295, -3.3059885501861572, 2.574469009991673, 1759349359028522316, 
-1.144709825515747, -3.297046422958374, 2.617546664722449, 1759349359078502339, 
-1.1564065217971802, -3.290531635284424, 2.652433116862209, 1759349359118555628, 
-1.171256184577942, -3.282634735107422, 2.6988115556123957, 1759349359169279609, 
-1.1863542795181274, -3.2754998207092285, 2.744264531761696, 1759349359220972215, 
-1.2049096822738647, -3.2680180072784424, 2.798127932184976, 1759349359279823892, 
-1.2209200859069824, -3.2623376846313477, 2.8455063620816663, 1759349359330784381, 
-1.237117886543274, -3.2575840950012207, 2.89091586414297, 1759349359381620674, 
-1.2526901960372925, -3.2538647651672363, 2.932616453810904, 1759349359427676099, 
-1.2689547538757324, -3.2506749629974365, 2.9775466958307795, 1759349359477519697, 
-1.2826642990112305, -3.2483744621276855, 3.0149609956909504, 1759349359519343613, 
-1.2993996143341064, -3.246565341949463, 3.056844705826309, 1759349359568730969, 
-1.316182255744934, -3.2452969551086426, 3.1021535430875575, 1759349359619563091, 
-1.3363465070724487, -3.2450273036956787, -3.126759770233736, 1759349359678581288, 
-1.3532111644744873, -3.2453830242156982, -3.0812311148220073, 1759349359728708692, 
-1.3701132535934448, -3.246411085128784, -3.0348083722874915, 1759349359779857505, 
-1.3861666917800903, -3.248321294784546, -2.9927716397971458, 1759349359826527631, 
-1.4029967784881592, -3.2510719299316406, -2.9485685460980413, 1759349359876516773, 
-1.4168707132339478, -3.2539925575256348, -2.9099955340292665, 1759349359918623583, 
-1.439152479171753, -3.2596914768218994, -2.84928797646186, 1759349359986546982, 
-1.4495528936386108, -3.26291561126709, -2.8207597217695857, 1759349360018302856, 
-1.4685300588607788, -3.2695436477661133, -2.766965169608321, 1759349360078472860, 
-1.4840397834777832, -3.275977849960327, -2.7239401512516896, 1759349360128535958, 
-1.499518871307373, -3.2829906940460205, -2.6803779313763703, 1759349360178661911, 
-1.513680338859558, -3.290358781814575, -2.6368607190939906, 1759349360226510726, 
-1.5282498598098755, -3.298494577407837, -2.5909481247492527, 1759349360275513100, 
-1.540678858757019, -3.306161880493164, -2.552312441005093, 1759349360319974359, 
-1.5543307065963745, -3.3155694007873535, -2.5092235682707824, 1759349360368519016, 
-1.5680503845214844, -3.3258957862854004, -2.465036873229071, 1759349360419012860, 
-1.5835630893707275, -3.338935375213623, -2.413849284851769, 1759349360478500744, 
-1.595943570137024, -3.3502001762390137, -2.3698435207214397, 1759349360528537939, 
-1.608049750328064, -3.362251043319702, -2.3269043392640554, 1759349360578503714, 
-1.619460105895996, -3.374511957168579, -2.283956950085908, 1759349360629542989, 
-1.6295523643493652, -3.3867123126983643, -2.2447401386315695, 1759349360675499700, 
-1.638518214225769, -3.3980872631073, -2.2069175288966036, 1759349360718568363, 
-1.648654580116272, -3.411965847015381, -2.1619121073852394, 1759349360769959971, 
-1.6579132080078125, -3.426170587539673, -2.118967041856291, 1759349360818648436, 
-1.6683427095413208, -3.4435946941375732, -2.065546156896648, 1759349360879728612, 
-1.676050066947937, -3.4587345123291016, -2.0238580523377196, 1759349360928540247, 
-1.6831821203231812, -3.473931074142456, -1.9811170961908935, 1759349360978539497, 
-1.6896995306015015, -3.4896020889282227, -1.9385550230900195, 1759349361028665541, 
-1.6950846910476685, -3.5040950775146484, -1.8993358521015256, 1759349361074670123, 
-1.699911117553711, -3.5181472301483154, -1.8619514800927959, 1759349361119222402, 
-1.7042031288146973, -3.534273862838745, -1.8201810300401897, 1759349361168510311, 
-1.7083187103271484, -3.550724983215332, -1.7768647809569749, 1759349361218446598, 
-1.712077021598816, -3.5709424018859863, -1.724995090964915, 1759349361278523025, 
-1.7145694494247437, -3.5877411365509033, -1.6800045037807332, 1759349361328543871, 
-1.7162748575210571, -3.604820966720581, -1.6366188470742675, 1759349361378539910, 
-1.7171080112457275, -3.6219990253448486, -1.5942184552677545, 1759349361428852859, 
-1.717383861541748, -3.6390559673309326, -1.5503449530328037, 1759349361479505850, 
-1.7167983055114746, -3.652557134628296, -1.5160130553129174, 1759349361518610996, 
-1.715654969215393, -3.6698663234710693, -1.4740961109591482, 1759349361568428027, 
-1.7136415243148804, -3.686938524246216, -1.4309913741465754, 1759349361618677726, 
-1.7103726863861084, -3.7071549892425537, -1.3781803873950917, 1759349361678577716, 
-1.7068859338760376, -3.723949432373047, -1.3360737206143558, 1759349361728498586, 
-1.7026128768920898, -3.7404839992523193, -1.292866532587587, 1759349361778362767, 
-1.6983014345169067, -3.755345344543457, -1.253648533518689, 1759349361823504738, 
-1.6925921440124512, -3.772040605545044, -1.2079867343262858, 1759349361875538520, 
-1.6866345405578613, -3.787264108657837, -1.1664707108825676, 1759349361922622025, 
-1.6799571514129639, -3.8026282787323, -1.1240483438337405, 1759349361972431852, 
-1.6734075546264648, -3.8155934810638428, -1.0904610593269497, 1759349362014808000, 
-1.6626116037368774, -3.835291624069214, -1.0338688886522323, 1759349362082711736, 
-1.6536608934402466, -3.850027561187744, -0.990499859552446, 1759349362132549777, 
-1.6455594301223755, -3.8619794845581055, -0.9554568104680844, 1759349362174515166, 
-1.635748028755188, -3.8754067420959473, -0.9145477456043125, 1759349362223537226, 
-1.6252602338790894, -3.888803243637085, -0.8717295659612231, 1759349362273508461, 
-1.6141923666000366, -3.9019908905029297, -0.8274488068691758, 1759349362325665353, 
-1.6028846502304077, -3.9138524532318115, -0.7870681896253853, 1759349362372504002, 
-1.5925296545028687, -3.9240760803222656, -0.750969915355802, 1759349362414719199, 
-1.575823426246643, -3.939279556274414, -0.6956708945478973, 1759349362480760375, 
-1.5624781847000122, -3.949770450592041, -0.6551941119677367, 1759349362528547286, 
-1.548783302307129, -3.960134267807007, -0.6127079707376135, 1759349362578548285, 
-1.534581184387207, -3.96990704536438, -0.5699739274554654, 1759349362628510390, 
-1.5200810432434082, -3.978910446166992, -0.5276909107403407, 1759349362679543835, 
-1.5081218481063843, -3.985854148864746, -0.49328610324845173, 1759349362719619258, 
-1.492945671081543, -3.9937057495117188, -0.45238915164237437, 1759349362768461225, 
-1.4772900342941284, -4.000974655151367, -0.40901356595160887, 1759349362818932215, 
-1.4581577777862549, -4.008979797363281, -0.3566653491869724, 1759349362879488853, 
-1.4417706727981567, -4.014795303344727, -0.31508604745219615, 1759349362928552298, 
-1.4253082275390625, -4.019856929779053, -0.2728752433121751, 1759349362978544010, 
-1.4084638357162476, -4.024397850036621, -0.2285492542051253, 1759349363029545617, 
-1.3916772603988647, -4.028005123138428, -0.18729020743593797, 1759349363079518960, 
-1.3783036470413208, -4.03041934967041, -0.15380380627045756, 1759349363119622634, 
-1.3613710403442383, -4.032732009887695, -0.11229701637922876, 1759349363168479091, 
-1.344153642654419, -4.034271717071533, -0.07094242302185583, 1759349363218937332, 
-1.3235875368118286, -4.035555362701416, -0.018538568433302687, 1759349363279448047, 
-1.3061772584915161, -4.035590171813965, 0.022266639874827354, 1759349363328513981, 
-1.2889554500579834, -4.034966945648193, 0.06217986079532975, 1759349363378552983, 
-1.2719316482543945, -4.033545017242432, 0.10224887037754089, 1759349363428536403, 
-1.2545644044876099, -4.031726360321045, 0.14570678103037604, 1759349363479544570, 
-1.2408645153045654, -4.0295209884643555, 0.17768977665691718, 1759349363519632936, 
-1.2240616083145142, -4.026211738586426, 0.21864351162452644, 1759349363569536792, 
-1.2075071334838867, -4.022354602813721, 0.26036256831445287, 1759349363619044494, 
-1.187648892402649, -4.016572952270508, 0.3098969664292438, 1759349363679582809, 
-1.1713531017303467, -4.011094093322754, 0.35069644790837756, 1759349363729566002, 
