odom_x, odom_y, odom_th, odom_vx, odom_yawrate, pf_x, pf_y, pf_th, stamp, 
-5.383877237363777e-07, 6.19919717337325e-07, -6.199500377656886e-06, 0.0, 5.683937695510899e-11, 0.030234055439520565, 0.08597387491386263, 0.005507195947545948, 1762984980718593199, 
-5.590948717326683e-07, 6.437628599087475e-07, -6.437926818127368e-06, -2.9692130635378185e-07, -3.2488790111528942e-06, 0.02945530843113, 0.08343367586265628, 0.007039702916172262, 1762984980928380322, 
-5.798020197289588e-07, 6.6760600248017e-07, -6.676357310464387e-06, 0.0, -2.8446883737487383e-11, 0.028762744160598798, 0.08642379984460667, 0.004634770843073381, 1762984981118591875, 
-5.798020197289588e-07, 6.6760600248017e-07, -6.6763580901538216e-06, 0.0, 1.5578385159642494e-07, 0.029059337661788368, 0.08607398685232934, 0.007903795711582565, 1762984981310623813, 
-6.005091677252494e-07, 6.914491450515925e-07, -6.914781961078758e-06, 0.0, 5.6951041105257616e-11, 0.029551658129556412, 0.09132201936180619, 0.0023047982820827064, 1762984981518599951, 
-6.005091677252494e-07, 6.914491450515925e-07, -6.914783196960814e-06, 0.0, 6.9879484143609e-11, 0.0318269232479761, 0.0876626542644854, 0.0023826893765557093, 1762984981658662342, 
-6.005091677252494e-07, 6.914491450515925e-07, -6.914777739731076e-06, 0.0, 6.104526606431904e-11, 0.02847293617205968, 0.08546289238283519, 0.007742782856300216, 1762984981758215448, 
-5.798020197289588e-07, 6.6760600248017e-07, -6.676351137136106e-06, 0.0, -4.4899593376612756e-08, 0.025517829014654946, 0.08887426211610228, 0.000656051333132065, 1762984981870641981, 
-5.590948717326683e-07, 6.437628599087475e-07, -6.437919305824101e-06, 0.0, 3.417879868017337e-11, 0.02727446834699074, 0.0895511293391953, 0.003664404022929058, 1762984982059717722, 
0.003379899077117443, -0.0004064527165610343, -0.028957166553198504, 0.04709348828219449, -0.389165461063385, 0.0293050188547238, 0.08470276455230578, -0.0170978447250372, 1762984982179578500, 
0.012649048119783401, -0.0011422405950725079, -0.08005191401084355, 0.11627382528302084, -0.5278225541114807, 0.03584765293973949, 0.08928234223680628, -0.08041900752172981, 1762984982270698397, 
0.035989586263895035, -0.0049484590999782085, -0.17556789984685375, 0.11723359453421762, -0.5329748392105103, 0.05384502400330042, 0.09225999073895956, -0.15934275929876002, 1762984982459737741, 
0.0496131032705307, -0.008322021923959255, -0.23677100119727482, 0.11653037838515562, -0.4918351173400879, 0.07616044651269119, 0.08686702110408469, -0.22423718832639553, 1762984982579442017, 
0.06546861678361893, -0.013422610238194466, -0.30745113847621763, 0.12542254526644694, -0.5016429424285889, 0.08929811797330728, 0.07702189001102323, -0.2913115914880934, 1762984982718607258, 
0.08117690682411194, -0.019733041524887085, -0.3768530984305934, 0.11884975137925043, -0.49431607127189636, 0.10805511796846766, 0.07785862827470016, -0.3567553570768185, 1762984982859704211, 
0.09415574371814728, -0.025586644187569618, -0.4370807951319037, 0.1113977633778528, -0.5207055807113647, 0.12202953439591613, 0.06851585260759424, -0.4252211398618848, 1762984982979516060, 
0.1039135754108429, -0.030033202841877937, -0.48238843964784967, 0.11435463025299478, -0.49553167819976807, 0.13583061355572618, 0.0663866228945794, -0.4872950475708994, 1762984983070618955, 
0.12236843258142471, -0.04191043600440025, -0.578338991266805, 0.11350454827784248, -0.49793148040771484, 0.15493241174574052, 0.05765388265532528, -0.5588024976304122, 1762984983259701265, 
0.13199645280838013, -0.04892342537641525, -0.6279845420445767, 0.1269475753353965, -0.49446311593055725, 0.1643081480075906, 0.048011225114325824, -0.6184531769219247, 1762984983357865144, 
0.1417843997478485, -0.05701229348778725, -0.6838300139692546, 0.11212272085528342, -0.5165037512779236, 0.175310004444932, 0.03565835275344129, -0.6785461829680572, 1762984983470652589, 
0.15798678994178772, -0.07185559719800949, -0.7780476769337333, 0.112569714204, -0.47803473472595215, 0.189367473421802, 0.027898583393324357, -0.7492464287082312, 1762984983659718763, 
0.1658734232187271, -0.08065295219421387, -0.8241262048888155, 0.1192149363930609, -0.4660816192626953, 0.20635403868681054, 0.013835156381258956, -0.8097870879725276, 1762984983758347890, 
0.17373287677764893, -0.09013208746910095, -0.8700038950104713, 0.10969662835034744, -0.3949406147003174, 0.2163064272365501, 0.00392246408963297, -0.8634220882884412, 1762984983869627764, 
0.1805008500814438, -0.09917782247066498, -0.9050852064701685, 0.11328918145758111, -0.3302428126335144, 0.22899128400011365, -0.005666717764497308, -0.9104897393468991, 1762984983968626670, 
0.18641433119773865, -0.10742437839508057, -0.9350824742889806, 0.11608369827745421, -0.3133441209793091, 0.2400006782401461, -0.022079476007462802, -0.9518258997286583, 1762984984059718004, 
0.19902490079402924, -0.1266949623823166, -0.9839816195759861, 0.10280731152436269, -0.1876336932182312, 0.24844646151955127, -0.038601547768616316, -0.9746055685915942, 1762984984270678479, 
0.20460784435272217, -0.13580995798110962, -0.9991215767465165, 0.10874933108961378, -0.1316407173871994, 0.25906740670273903, -0.05429295717799955, -0.9922106741442568, 1762984984368634121, 
0.21614378690719604, -0.15467031300067902, -1.0149242715288065, 0.10338509122720428, -0.027255931869149208, 0.27035933508718973, -0.06371681561796814, -1.0029806490471274, 1762984984579787054, 
0.2212405502796173, -0.16266919672489166, -1.016256956773592, 0.09888939714298269, -0.025746388360857964, 0.2786667086772532, -0.07849252859331907, -1.002781534216458, 1762984984670701818, 
0.22648730874061584, -0.1709468811750412, -1.0117776745583686, 0.09892475451747217, 0.053876783698797226, 0.28261423538461344, -0.08960254708211313, -0.9900267633941253, 1762984984768630894, 
0.23132778704166412, -0.1785605102777481, -1.0079620729418197, 0.09952288772004644, 0.03448754549026489, 0.2911444891636124, -0.1022957963153106, -0.9813336703632306, 1762984984859773122, 
0.2427985668182373, -0.19605615735054016, -0.9935887830603882, 0.09744201449710975, 0.07926051318645477, 0.2956655723933689, -0.11787710332405404, -0.9815080903547515, 1762984985069663867, 
0.248261958360672, -0.20426161587238312, -0.9851734317574375, 0.09312300948388037, 0.08759941160678864, 0.316695156455994, -0.12501029658365487, -0.9774225273512968, 1762984985169640486, 
0.2531801164150238, -0.21186396479606628, -0.9780014230208625, 0.09743906919769843, 0.08244313299655914, 0.32145126793532397, -0.141320609052792, -0.9608048616757475, 1762984985259794732, 
0.2600231468677521, -0.22179797291755676, -0.9693809392674952, 0.101682336086075, 0.0654330849647522, 0.3280493205938903, -0.14776994182931277, -0.9521771872878476, 1762984985378898087, 
0.27018243074417114, -0.23625130951404572, -0.9566488996010138, 0.09755766090322195, 0.052418529987335205, 0.3384747925129881, -0.15660004564163313, -0.944422077868883, 1762984985569612815, 
0.2750509977340698, -0.24338798224925995, -0.9509908897442653, 0.09627784813305186, 0.05453040823340416, 0.3444414958782534, -0.16741746742760075, -0.9372538373500213, 1762984985659670569, 
0.28600552678108215, -0.2589508593082428, -0.9423110792228847, 0.08768040484370783, 0.006965864449739456, 0.35183381994942003, -0.1789013840144585, -0.9282747937859689, 1762984985869672156, 
0.29142171144485474, -0.2664635181427002, -0.9361856744604087, 0.0917238690235796, 0.05732040852308273, 0.360544815248062, -0.18557904548780693, -0.9275757499150302, 1762984985969646508, 
0.2964799106121063, -0.27291396260261536, -0.9329977705520435, 0.08780568615156617, 0.022097311913967133, 0.3693652623831515, -0.1986057985134407, -0.9176675580180599, 1762984986059656056, 
0.3029453158378601, -0.2816285490989685, -0.9296837868615265, 0.09219007617361462, 0.02454422041773796, 0.3768979962367584, -0.20605374019751896, -0.9236053147975538, 1762984986178714277, 
0.30778273940086365, -0.28797876834869385, -0.927848966494941, 0.08546220756373271, 0.02045051008462906, 0.3871421609276362, -0.21792941244182945, -0.9174665387316395, 1762984986269741747, 
0.31770601868629456, -0.3017539381980896, -0.9237132356249727, 0.08505584769523097, 0.025508467108011246, 0.3933631148760804, -0.23484855942380875, -0.9070962000685339, 1762984986459645433, 
0.3285391926765442, -0.31608420610427856, -0.9217077403996052, 0.08532080183657913, -0.009070737287402153, 0.39992611038974774, -0.23823295416799922, -0.9100111337672273, 1762984986669690125, 
0.33368951082229614, -0.32272014021873474, -0.9202018321676292, 0.0829843085407552, 0.0013549844734370708, 0.4097500113683374, -0.24988125785737955, -0.9082162893581549, 1762984986769657395, 
0.33827441930770874, -0.3290587365627289, -0.9185849461276357, 0.08425635032707597, 0.013848607428371906, 0.4149462268163482, -0.2592247138872193, -0.901814031062554, 1762984986859658949, 
0.34834563732147217, -0.34258443117141724, -0.9189926402719283, 0.079982534609501, -0.013643375597894192, 0.422770073704958, -0.26252122288518936, -0.9066183553310422, 1762984987069639770, 
0.35336899757385254, -0.34900662302970886, -0.9196881706858668, 0.08276914863792788, 0.006886715069413185, 0.4254639219225328, -0.2672532479522778, -0.9147174071847117, 1762984987169635132, 
0.3576704263687134, -0.3547373116016388, -0.9205097430969804, 0.07590343734491045, -0.017216172069311142, 0.4341781498765223, -0.2785960246363305, -0.9131030224800236, 1762984987259687800, 
0.3634464740753174, -0.36246636509895325, -0.9208797578586753, 0.08148471149567557, -0.006146660540252924, 0.4458687140893807, -0.2916894210523935, -0.9052599439898203, 1762984987379795372, 
0.36759570240974426, -0.3681390583515167, -0.9205517937973055, 0.07732153883183522, 0.006049195304512978, 0.4494227738532367, -0.2924474324884915, -0.9184668988574828, 1762984987469683542, 
0.3765011131763458, -0.379822701215744, -0.9213084012341992, 0.07275472190810643, 0.0040606106631457806, 0.4540183639132822, -0.30961502145723657, -0.90750240837547, 1762984987659667687, 
0.38107964396476746, -0.38608238101005554, -0.9216254989046465, 0.07943941251646305, -0.011986197903752327, 0.46386247359701643, -0.31185599408944803, -0.9109678005446051, 1762984987759775485, 
0.386104553937912, -0.3930361568927765, -0.9214743173017407, 0.07852120572885202, -0.002092744456604123, 0.4690776369689079, -0.32345520232378405, -0.9128237760862423, 1762984987869637675, 
0.3945893943309784, -0.4041155278682709, -0.9206288840845042, 0.07119061942759058, 0.020728839561343193, 0.4772508926989498, -0.3300358842332581, -0.9123862182063053, 1762984988059675082, 
0.40004125237464905, -0.41146671772003174, -0.9204524374987558, 0.07526729637316756, -0.011361171491444111, 0.4814144419397898, -0.3354898728754122, -0.9058521226866265, 1762984988179658832, 
0.4038086235523224, -0.4166814684867859, -0.9200378073375296, 0.06948478875658601, 0.008059185929596424, 0.4901115391599415, -0.3481833860738763, -0.9140291753755315, 1762984988269688218, 
0.41195982694625854, -0.4274847209453583, -0.9213874199945326, 0.06976837278538081, -0.01775224320590496, 0.4954229027814174, -0.35525945998796377, -0.9116199358326714, 1762984988459676654, 
0.41639912128448486, -0.43328234553337097, -0.9209330070194028, 0.07283368097225221, 0.013082542456686497, 0.5063488811775173, -0.3629462473981126, -0.9149499057746946, 1762984988559288787, 
0.4251095950603485, -0.4453272521495819, -0.9217550934739884, 0.07408363247854666, -0.01325488742440939, 0.5082318335577669, -0.36882434058232105, -0.9111206322729967, 1762984988769669840, 
0.42880523204803467, -0.45025303959846497, -0.9226639528929473, 0.06601065362336181, -0.009669402614235878, 0.5124533058877864, -0.37992864701072365, -0.9068797893237064, 1762984988859665081, 
0.4329898953437805, -0.455574631690979, -0.9226408751599696, 0.0659617971556699, 0.0015997515292838216, 0.5198341451833699, -0.3859742596314119, -0.9151661145723642, 1762984988959032599, 
0.43737849593162537, -0.4615335166454315, -0.9223440849442935, 0.0682987211394989, 0.00013199663953855634, 0.5267642986731794, -0.3943125340910685, -0.9144688558794593, 1762984989070699729, 
0.44134771823883057, -0.4669366478919983, -0.9227844663808344, 0.06600768681600472, -0.0039197830483317375, 0.5316840498734889, -0.3965203205343352, -0.9108789371289014, 1762984989169673974, 
0.44955727458000183, -0.47817087173461914, -0.9218174764561258, 0.06709031833278932, -0.000769632461015135, 0.5398898649880971, -0.4019121579257028, -0.9115762404910505, 1762984989379543655, 
0.453309029340744, -0.483033686876297, -0.9233647348884896, 0.06573563138462435, -0.025904789566993713, 0.5401997251331422, -0.41217133726233385, -0.9124436044721113, 1762984989469656922, 
0.4570050835609436, -0.4880855679512024, -0.922519123320792, 0.062659423055517, 0.022401614114642143, 0.5520295578119141, -0.41863893817668824, -0.9132283398325853, 1762984989569655564, 
0.4648471474647522, -0.4986473023891449, -0.9212492164496174, 0.06228134084854256, -0.0035471878945827484, 0.5552211418167983, -0.4271076418535533, -0.9103264704979482, 1762984989779805374, 
0.4680372178554535, -0.5031577944755554, -0.9214154045868473, 0.0619920786744382, -0.0007193086785264313, 0.5597180856158689, -0.43108709050712835, -0.9147145927634258, 1762984989869706645, 
0.47182467579841614, -0.5081954598426819, -0.922833260062828, 0.061561105421587936, -0.01394522376358509, 0.5679864372280743, -0.44693163310549894, -0.9128510021704864, 1762984989969682897, 
0.479493111371994, -0.51845383644104, -0.9236424120756456, 0.061190338661066455, 0.00974311213940382, 0.5690476069202443, -0.44769871537262323, -0.9175597525595653, 1762984990179156403, 
0.4862173795700073, -0.527522087097168, -0.9245108853833462, 0.05738250283867779, -0.0007033967413008213, 0.5756421107554308, -0.4514622985061388, -0.9128674774329635, 1762984990369662343, 
0.48949772119522095, -0.5318842530250549, -0.9248019681923996, 0.0596795321165638, -0.0009716377826407552, 0.587589246648105, -0.4577471262908974, -0.9130423942453848, 1762984990459744714, 
0.49302640557289124, -0.5365930199623108, -0.9246216367213315, 0.0594041555681224, 0.0006585855735465884, 0.587723682616278, -0.46267305544271764, -0.9205202041729, 1762984990559533320, 
0.4969218671321869, -0.5416358709335327, -0.9257867803123176, 0.05888126257031669, -0.0059228138998150826, 0.5888737122830069, -0.4737395823262856, -0.916224580665781, 1762984990669711982, 
0.5002243518829346, -0.5464533567428589, -0.9258867284736431, 0.05935713143482725, -0.0030760213267058134, 0.5981270908905029, -0.47795112918377125, -0.9180855152882922, 1762984990769687483, 
0.506587028503418, -0.5551053285598755, -0.924967758311792, 0.05504057828072135, -0.0027122069150209427, 0.6055954826094418, -0.4920871062799249, -0.9170348468715454, 1762984990959519461, 
0.5103952288627625, -0.5599931478500366, -0.9254082260838888, 0.054764266036713714, -0.00629380764439702, 0.6045490938992452, -0.48961869523460516, -0.9199819056087892, 1762984991069667657, 
0.5165867209434509, -0.5685664415359497, -0.9278513320708415, 0.057865330296114265, -0.012878396548330784, 0.6118682180051448, -0.49661190445547027, -0.9214283319177573, 1762984991258864561, 
0.519463300704956, -0.5728646516799927, -0.9264108262323509, 0.051762397819055006, 0.012516300193965435, 0.6145890933608924, -0.5050630718834904, -0.9178640454508683, 1762984991359681318, 
0.5232022404670715, -0.5777546763420105, -0.9246567568175348, 0.057921045763373966, 0.01463289000093937, 0.6218567890834809, -0.5091895625735362, -0.9189998411211352, 1762984991469857874, 
0.5265675783157349, -0.5822359323501587, -0.9250909619333972, 0.056548777009515515, -0.004784726537764072, 0.627978933429771, -0.5116420886735797, -0.9198581401987868, 1762984991569766577, 
0.5326076149940491, -0.5905054807662964, -0.924699020336646, 0.054799252622107913, -0.005484312307089567, 0.6333908721663567, -0.5184144153290418, -0.9164268548232463, 1762984991759700387, 
0.5359657406806946, -0.5950196981430054, -0.9247640716286956, 0.0491963502500785, -0.00684313103556633, 0.6374120579264884, -0.5221785497455745, -0.9158104844550599, 1762984991869678972, 
0.5390304327011108, -0.5991576910018921, -0.9262514099483147, 0.05366827152934189, -0.011205588467419147, 0.6373988743704473, -0.5284449624104437, -0.9169426836167122, 1762984991969676277, 
0.5453650951385498, -0.6078246831893921, -0.9256276784236888, 0.050397290656180295, -0.0030397227965295315, 0.6459840918095484, -0.5387745920932785, -0.915802322000731, 1762984992179295256, 
0.5478935837745667, -0.6112637519836426, -0.9258364919917229, 0.046309469517700416, -0.008123975247144699, 0.6471221914364642, -0.5402219923104523, -0.9148420645334929, 1762984992269723180, 
0.5508108735084534, -0.6155624389648438, -0.927595912591036, 0.05393396558705563, -0.020085424184799194, 0.6545859352095649, -0.5528320136582813, -0.9229089678533968, 1762984992369702881, 
0.5537528991699219, -0.6191669702529907, -0.9281664917170609, 0.05118081501420515, -0.004551307298243046, 0.657302415787031, -0.5500052900798353, -0.9196824730871536, 1762984992459798284, 
0.5593098402023315, -0.6269017457962036, -0.929463081240711, 0.045249746014923604, 0.004685235675424337, 0.6595223117889515, -0.5517455843503839, -0.9224311216093556, 1762984992670679887, 
0.5618981122970581, -0.6308668851852417, -0.9307462304377229, 0.04950438514650869, -0.01931971125304699, 0.6652324119516072, -0.5668087738378719, -0.921174135150077, 1762984992769675675, 
0.5646060705184937, -0.6343424916267395, -0.931295577456754, 0.04925676722137608, 0.002503856783732772, 0.668019015135787, -0.5658188062105454, -0.9213715961112761, 1762984992859811711, 
0.5703423023223877, -0.6422672271728516, -0.9322007253253116, 0.046115223913285625, -0.007216040510684252, 0.6743531119881876, -0.5743985924893296, -0.9208595175908668, 1762984993070743903, 
0.5729275345802307, -0.6457487344741821, -0.9321795328922284, 0.04142893481711105, -0.008837340399622917, 0.6779686025257953, -0.5834362557793211, -0.9222672434801669, 1762984993169705067, 
0.5751391649246216, -0.6492272615432739, -0.9328910951244352, 0.04780696082230642, -0.011228675954043865, 0.6790836915047924, -0.5909093362222757, -0.9275339387620724, 1762984993259722859, 
0.5806910395622253, -0.6565346717834473, -0.935387851736991, 0.03509947541076227, -0.0035184668377041817, 0.6916347370792352, -0.5917636732732438, -0.9261325519968714, 1762984993470685724, 
0.583344578742981, -0.6599777340888977, -0.9343029196386227, 0.04466306243639419, 0.006770026404410601, 0.6902584264012146, -0.5973511012380271, -0.9237346146933318, 1762984993569712284, 
0.5857053399085999, -0.6631695032119751, -0.9341687568723405, 0.043556648326559824, -0.00044258031994104385, 0.6926548659651908, -0.600641954424432, -0.9229653383976468, 1762984993659705780, 
0.5910133719444275, -0.6705167293548584, -0.9333936552728654, 0.04312211803558607, 0.020983334630727768, 0.699097999290434, -0.6069096827508569, -0.923485533599581, 1762984993868867116, 
0.5933377146720886, -0.6740521192550659, -0.9324155395015706, 0.04126794537389429, 0.0053702350705862045, 0.6999715645120181, -0.6077648515867925, -0.9217336476918889, 1762984993969715494, 
0.5957653522491455, -0.6771159768104553, -0.9325267522925793, 0.043518316213067856, -0.005658783949911594, 0.7052903654559564, -0.6083960293532914, -0.9220553841429132, 1762984994059719925, 
0.6006125807762146, -0.6840897798538208, -0.9331906711602073, 0.04128177585443105, -0.005588558968156576, 0.7041263281449183, -0.6161902805513957, -0.9280383427693467, 1762984994270694877, 
0.6031692028045654, -0.687170147895813, -0.9339707410758913, 0.03892756825931956, -0.0027474311646074057, 0.7117442670307605, -0.6216481191715342, -0.924793990854412, 1762984994369694984, 
0.6080988049507141, -0.6941389441490173, -0.9335061408322965, 0.040356199587176504, -0.002962161088362336, 0.7206699388099519, -0.6216827112928395, -0.9262352148123115, 1762984994579518981, 
0.6102244257926941, -0.6968415379524231, -0.9342641013591546, 0.03670788466806685, -0.011197924613952637, 0.7215495863009782, -0.6321046300231059, -0.9206992772189896, 1762984994670747626, 
0.6123306751251221, -0.7001330852508545, -0.9353697696264993, 0.04044702883138022, -0.009016633965075016, 0.7209239847415982, -0.6364603900334179, -0.9244288475749647, 1762984994769722463, 
0.6144117116928101, -0.7028992176055908, -0.9358559119440497, 0.0374276533468949, 0.004651485476642847, 0.7227129905980207, -0.6389494795372338, -0.9222747192369132, 1762984994859739458, 
0.6187748312950134, -0.7093664407730103, -0.9355061663254697, 0.03653135248951317, -0.006206657737493515, 0.7323001571629818, -0.6481992329978806, -0.9275617229866948, 1762984995070716412, 
0.6210562586784363, -0.712128758430481, -0.9375076144054971, 0.03616562898754408, -0.02094624936580658, 0.7303169241101193, -0.645067149496876, -0.9256179776183109, 1762984995169701281, 
0.6229884624481201, -0.7148205041885376, -0.93812050164212, 0.03578747145905734, -0.004057967569679022, 0.7296277715774072, -0.6486709313313052, -0.9302516843704611, 1762984995259719210, 
0.6272700428962708, -0.7209877967834473, -0.9399792623876155, 0.033777813593828726, -0.007311748340725899, 0.7400649840839536, -0.6576801675136046, -0.9292919284323775, 1762984995470751817, 
0.6293848752975464, -0.7240275740623474, -0.9402202115985175, 0.036864989937375935, -0.0017828148556873202, 0.7383758108092321, -0.6638817608841004, -0.929760188772698, 1762984995569727513, 
0.6310549974441528, -0.7268140912055969, -0.9406410132636059, 0.03630118634488409, 0.001606915146112442, 0.7424695786338372, -0.6658659674824982, -0.9275438478844017, 1762984995659734499, 
0.6356198787689209, -0.7327730059623718, -0.9411494844841972, 0.035267652659074854, 0.005552734714001417, 0.7510952253333509, -0.6684315476404327, -0.9313428744628807, 1762984995870730201, 
0.6375669836997986, -0.7358047366142273, -0.9417245779653333, 0.03378887215328739, -0.01091212872415781, 0.7445918365300281, -0.6673128642190901, -0.9333396927022033, 1762984995969730917, 
0.6394903659820557, -0.7381640076637268, -0.9421397499198308, 0.03645309464966744, 0.0015914643881842494, 0.7510580635450442, -0.6742522828367746, -0.9267209260553693, 1762984996059726202, 
0.6435925364494324, -0.7439103722572327, -0.9405940511147165, 0.03184757637823624, 0.0017046836437657475, 0.755396594918688, -0.6733803264873489, -0.9275937186664421, 1762984996270777396, 
0.6457639336585999, -0.7465006709098816, -0.9404530534446323, 0.03403990568750836, -0.008393489755690098, 0.7614327318412921, -0.683207658213226, -0.928157532142074, 1762984996369734357, 
0.6474398374557495, -0.7490651607513428, -0.9398894290032538, 0.03206925836303625, 0.0015704487450420856, 0.7642785754982472, -0.6887767999945164, -0.9295784748636371, 1762984996459790888, 
0.6513031721115112, -0.7546546459197998, -0.9409351231738763, 0.031724529601720716, -0.0039929719641804695, 0.7659778517327244, -0.6919097441864837, -0.9300912641792758, 1762984996670723556, 
0.653396725654602, -0.7574071884155273, -0.9409925321217566, 0.033679886179839635, -0.004759693052619696, 0.7693605515829481, -0.6919146680638737, -0.927715952061318, 1762984996769714257, 
0.6549508571624756, -0.7600094676017761, -0.9415174256119584, 0.031464216438323735, -0.013775939121842384, 0.7706674846249542, -0.7015571870244032, -0.9303802271821439, 1762984996859841355, 
0.659107506275177, -0.7652316689491272, -0.9424096613620648, 0.030630978968100974, 0.007389852777123451, 0.7705747587882316, -0.6966747445458072, -0.9277059014065359, 1762984997070824377, 
0.660670816898346, -0.7677426338195801, -0.9429081838488903, 0.029317209205243114, -0.009484370239078999, 0.7755361629930894, -0.7069081338576894, -0.9255049680629617, 1762984997169741289, 
0.6621357202529907, -0.76995450258255, -0.9436509028940291, 0.030208000384543708, -0.0051870387978851795, 0.7808938948993698, -0.7104312569258935, -0.9299441647819976, 1762984997259145457, 
0.6638799905776978, -0.7720723748207092, -0.9443468604355432, 0.028974642603208024, 0.004282060079276562, 0.7782216312302391, -0.7112795692257244, -0.9352314214934051, 1762984997359161668, 
0.665884792804718, -0.7748444676399231, -0.9438011769030311, 0.03120002709550019, 0.008428248576819897, 0.7854106811949688, -0.7197299059606278, -0.9304337680491789, 1762984997469906171, 
0.6692685484886169, -0.7796685099601746, -0.9430810447023188, 0.029389782024145012, -0.0019330850336700678, 0.7873465653959073, -0.7208098975664278, -0.9295648869012592, 1762984997658867227, 
0.6727576851844788, -0.7844517827033997, -0.9435122877367573, 0.026995769351235085, -0.0053881630301475525, 0.7917162016670685, -0.719794951720808, -0.9268522143557331, 1762984997870771080, 
0.6743311285972595, -0.786823570728302, -0.9447753517315278, 0.0287200260453137, -0.0037922982592135668, 0.7913794454472541, -0.7271292985798913, -0.9313788421288629, 1762984997969821088, 
0.6758555173873901, -0.7888331413269043, -0.944784538029103, 0.028927143149110945, -0.002008071169257164, 0.7875633081958079, -0.7235019476324768, -0.9319209696119025, 1762984998059834011, 
0.6791884899139404, -0.7938231229782104, -0.9460009005262624, 0.022797323630630407, -0.009931754320859909, 0.7951577691311722, -0.7341438732531345, -0.930718838600687, 1762984998270740694, 
0.6806641817092896, -0.7960364818572998, -0.9457157659130206, 0.027535155232863397, 0.0002623263862915337, 0.7984001091361287, -0.7387439160112101, -0.9308417394048603, 1762984998369732378, 
0.6822507381439209, -0.7981269955635071, -0.946153392658769, 0.03117296168416838, -0.010434485971927643, 0.8000973425011733, -0.7397010746557557, -0.9333319664955009, 1762984998459822894, 
0.6855347752571106, -0.8031375408172607, -0.9477467813575113, 0.02582412777750298, -0.006350734271109104, 0.8030813146479552, -0.7399177570023218, -0.9349137160805158, 1762984998670795442, 
0.6872079372406006, -0.8054571151733398, -0.9478623209430036, 0.03014357195774308, -0.001851161359809339, 0.8101922235979987, -0.7440008080528536, -0.9336442907671195, 1762984998769750107, 
0.6889243721961975, -0.8075736165046692, -0.9479569895616061, 0.030709429894255947, -0.004133058711886406, 0.8107587601396935, -0.7441513546398032, -0.9337296617003897, 1762984998858894359, 
0.6907668113708496, -0.810263991355896, -0.9478094113278405, 0.026521963726525613, 0.0026551580522209406, 0.8125659778586738, -0.7476289285379217, -0.9315361796925147, 1762984998978921444, 
0.6920532584190369, -0.8123315572738647, -0.9480168917681996, 0.026759677435887835, -0.0027885453309863806, 0.8170508477217157, -0.7560409472471704, -0.9323427140095065, 1762984999070746557, 
0.6953943371772766, -0.816653311252594, -0.9475510274461958, 0.030296711460788772, 0.0089823417365551, 0.8183340965397752, -0.7626578948450902, -0.9343660136640024, 1762984999258898584, 
0.6968973278999329, -0.819278359413147, -0.947731778349474, 0.029371765879574064, 0.0, 0.8204339252461715, -0.7588297656829223, -0.9381416583042254, 1762984999361308372, 
0.6987542510032654, -0.8220623731613159, -0.9502053467657294, 0.0288477414917064, -0.018272241577506065, 0.8243556594869345, -0.7644068890975703, -0.9394294710395602, 1762984999470785265, 
0.7023642063140869, -0.8270713686943054, -0.9510277694634417, 0.03293438207648471, 0.013037919998168945, 0.8226710135577153, -0.7631715779402816, -0.9368836511497716, 1762984999659895322, 
0.7036200761795044, -0.829095721244812, -0.953479073694675, 0.01903482235048602, -0.03936103358864784, 0.8273777494192375, -0.7654172107831627, -0.9404071427178727, 1762984999762271167, 
0.7052342295646667, -0.8316364288330078, -0.9537724059267035, 0.031024115463644194, 0.022075586020946503, 0.8319446930410888, -0.7710248174294483, -0.9443790845146538, 1762984999870924714, 
0.7084130048751831, -0.8361499905586243, -0.9548410169772913, 0.03025404667129763, -0.009167791344225407, 0.8334046850601263, -0.7740728022256306, -0.9419133196225389, 1762985000058855904, 
0.7099683880805969, -0.8385782241821289, -0.9561402840507093, 0.02671333179959522, 0.0, 0.8347895920739078, -0.7859981700878177, -0.9446777846784596, 1762985000162798839, 
0.7118455171585083, -0.8411463499069214, -0.9566650438065454, 0.026996358984351543, -0.007910285145044327, 0.8376137948625441, -0.7800885611059957, -0.9436241725388964, 1762985000270905796, 
0.7136989235877991, -0.8436800837516785, -0.9572172332388781, 0.03583187282590745, -0.012830241583287716, 0.8411311426610607, -0.7871881764120394, -0.9491636814708773, 1762985000367867673, 
0.7166936993598938, -0.8483935594558716, -0.9610398910574363, 0.025430457820901094, -0.03912680968642235, 0.8437468681746213, -0.7917894955452821, -0.9447399392959803, 1762985000561974629, 
0.7185644507408142, -0.8512358069419861, -0.9621417810524387, 0.031346686053709064, -0.006224976386874914, 0.8439213386317093, -0.7962577645465352, -0.951241534447794, 1762985000671843419, 
0.7202491164207458, -0.8540482521057129, -0.9615538784983925, 0.034840270240235345, 0.011414090171456337, 0.8465335821781894, -0.7960175372659736, -0.9522331792007603, 1762985000768799683, 
0.722845196723938, -0.8579334616661072, -0.9640073829177694, 0.027728369453787288, 0.0, 0.8485790772451929, -0.8007087560897787, -0.9476173654976552, 1762985000962368094, 
0.7246542572975159, -0.8606884479522705, -0.9640349252885638, 0.02856219464740568, 0.0019068350084125996, 0.8525877183743075, -0.8053565533202593, -0.9535229620451107, 1762985001071849978, 
0.7262439727783203, -0.8630244135856628, -0.9650293911748864, 0.030177213555281072, -0.011902728118002415, 0.8569339007181651, -0.808607695427298, -0.9535658172066018, 1762985001168794310, 
0.7294549942016602, -0.8675143122673035, -0.9650432485308504, 0.028376706957018185, 0.0, 0.8595350507240932, -0.8121561604289934, -0.9500947169752635, 1762985001361806818, 
0.7311528921127319, -0.8702001571655273, -0.9643981011598126, 0.02760796063410384, 0.0003450534713920206, 0.8627064770278141, -0.8184414691039482, -0.9479633392321891, 1762985001471805762, 
0.7327370047569275, -0.8725001811981201, -0.9643773415580262, 0.028945795711606218, -0.004185045138001442, 0.8623855757487924, -0.8139347701500793, -0.9481514964806296, 1762985001568771970, 
0.7357316017150879, -0.8769396543502808, -0.9642680084975707, 0.02638532739190333, 0.0, 0.8669209233086631, -0.8203574722973658, -0.9472851721393284, 1762985001761641716, 
0.737555205821991, -0.8796098828315735, -0.9644211192450878, 0.029513908417848695, 0.001579483738169074, 0.8724042810128678, -0.821716992105245, -0.9450202270123517, 1762985001871812389, 
0.7391724586486816, -0.8820595145225525, -0.9644902293055079, 0.03019237948327768, -0.0017791378777474165, 0.8753558810130555, -0.8232413819662375, -0.9473947835005837, 1762985001968786026, 
0.7421033978462219, -0.8864336609840393, -0.9641614869284851, 0.027151965022899568, 0.0008092186180874705, 0.8708611872696604, -0.8208168304412005, -0.9542564364784788, 1762985002161963905, 
0.7440539002418518, -0.889357328414917, -0.9654456499386826, 0.03299696258563432, -0.009961946867406368, 0.8726960598151721, -0.8371324253560353, -0.9539596270797146, 1762985002271773946, 
0.7455427050590515, -0.8914796113967896, -0.9671939181775773, 0.025321503027068717, -0.030003070831298828, 0.8767660166129009, -0.8339082889982237, -0.9568034861641779, 1762985002368268325, 
0.7488009929656982, -0.8969458341598511, -0.9759273462915897, 0.033014567232513774, -0.07492692768573761, 0.8786515969970979, -0.840894599800318, -0.9614123474809481, 1762985002561630457, 
0.7508378624916077, -0.9001300930976868, -0.9818991070576915, 0.032592415470118756, -0.055360324680805206, 0.8868883200949458, -0.8526355457965089, -0.9707717626590404, 1762985002671324989, 
0.7525498270988464, -0.9029769897460938, -0.9852673120949874, 0.032702469996260225, -0.014638425782322884, 0.8872155103264272, -0.8508711987538528, -0.9707964851351499, 1762985002768787836, 
0.7555683255195618, -0.9077945947647095, -0.9871283028195955, 0.027000045424460644, -0.005115161184221506, 0.8855108236534701, -0.8588534351264117, -0.9760323935628844, 1762985002961841074, 
0.7572298645973206, -0.9102320075035095, -0.9878118977920216, 0.026629506855857913, -0.000654718722216785, 0.8926007800295715, -0.863171759975183, -0.9753358380522608, 1762985003071780486, 
0.7584611773490906, -0.9126105308532715, -0.987276914144035, 0.028528088420359685, 0.01113303005695343, 0.8921604919934697, -0.8611883638902258, -0.9731398164129137, 1762985003168095158, 
0.7619695067405701, -0.9172648191452026, -0.983370171630342, 0.03232563264289911, 0.02284797839820385, 0.8945468768975765, -0.8592369051570902, -0.9735107518210318, 1762985003362802464, 
0.7636409401893616, -0.9202154278755188, -0.9808938215585498, 0.03171142312684995, 0.029430348426103592, 0.9012453370472729, -0.8640691399219801, -0.9645261259648604, 1762985003471341784, 
0.7655289769172668, -0.9230738282203674, -0.9768058013121915, 0.04064401610411475, 0.0924450010061264, 0.8994675974516093, -0.8714790818492811, -0.9633985113393367, 1762985003568319793, 
0.767548143863678, -0.9257556200027466, -0.9703944126473198, 0.033471548764968, 0.06811212748289108, 0.901714817245214, -0.8714087080689323, -0.9505952883527553, 1762985003661797571, 
0.7719299793243408, -0.9318079948425293, -0.959891512586515, 0.036501692755460176, 0.03573578596115112, 0.9101866274927071, -0.8752443881296341, -0.9418938178496449, 1762985003870214476, 
0.7738113403320312, -0.9344996213912964, -0.9567682114193452, 0.029011497075555382, 0.01815052703022957, 0.9121271650959041, -0.8851949089789569, -0.9418003276911432, 1762985003968106351, 
0.774932324886322, -0.9362998604774475, -0.9551737034090765, 0.026118343979247647, 0.01784442737698555, 0.9151739332640787, -0.8932217165492513, -0.9356660140796386, 1762985004060205018, 
0.779137372970581, -0.9420796036720276, -0.9515279311702904, 0.03297406079190037, 0.015902943909168243, 0.9152292019508432, -0.8925035332738036, -0.9429161445911988, 1762985004269258673, 
0.7804656028747559, -0.944049596786499, -0.956082271311011, 0.023738571969900066, -0.05223836749792099, 0.918934468101276, -0.8920432544571102, -0.9344811419370177, 1762985004367263610, 
0.7822655439376831, -0.9465146064758301, -0.9596378942270625, 0.03617220450169901, -0.061614084988832474, 0.9241070700387626, -0.9014547514189505, -0.9453402411056182, 1762985004460251215, 
0.7860850095748901, -0.9523557424545288, -0.9683072097595655, 0.02564779665264587, -0.010788917541503906, 0.9259863458573935, -0.9077448430306833, -0.9503715839058385, 1762985004670212660, 
