x, y, theta, stamp, 
-0.9631777076719954, -0.9690034746868059, -2.4419774545507344, 2217658000000, 
-0.963177722364534, -0.9690034869306495, -2.4419774538153143, 2217692000000, 
-0.9631777412885332, -0.9690035028751783, -2.4419774530746894, 2217726000000, 
-0.9631777514856286, -0.9690035115444819, -2.4419774523408364, 2217760000000, 
-0.9659043939539337, -0.9712869033826307, -2.450575586314774, 2217794000000, 
-0.9740679177797882, -0.9779931716897652, -2.4193088314757407, 2217896000000, 
-0.981559224753623, -0.9851823602018165, -2.3359689951140035, 2217998000000, 
-0.9884466170032117, -0.9930126335478285, -2.2496870194830545, 2218100000000, 
-0.9945421010908273, -1.0012595709860936, -2.162182393612332, 2218202000000, 
-0.9998835060464832, -1.0099819648052293, -2.0775539297078107, 2218304000000, 
-1.0044877173164233, -1.0190930986966718, -2.000536473424492, 2218406000000, 
-1.0083865154508789, -1.0284325636163982, -1.9318704193615832, 2218508000000, 
-1.0116479299972658, -1.0379206504824123, -1.871722784772635, 2218610000000, 
-1.0143487089306078, -1.0474942356536394, -1.8197865859476996, 2218712000000, 
-1.016565810377863, -1.0571011701801512, -1.7753260476083763, 2218814000000, 
-1.0183703738613614, -1.0667043494089625, -1.737509183301219, 2218916000000, 
-1.0198252809871255, -1.0762743841925837, -1.705513863189938, 2219018000000, 
-1.0209864855092665, -1.0857869368049036, -1.6785221090608062, 2219120000000, 
-1.0219008950210913, -1.0952289733962106, -1.6558088900322008, 2219222000000, 
-1.0223952082770924, -1.1014809709422078, -1.6423120259162995, 2219290000000, 
-1.0229883531152553, -1.1107956969078563, -1.625458670463908, 2219392000000, 
-1.0234322423988278, -1.1200294725970292, -1.611358003022029, 2219494000000, 
-1.023752570101573, -1.1291763575207896, -1.5995673820219423, 2219596000000, 
-1.0239705801087797, -1.1382212716729776, -1.5896317074190167, 2219698000000, 
-1.0241025278909839, -1.147163774966894, -1.5816381839074642, 2219800000000, 
-1.0241663084857093, -1.156036578444269, -1.57474506590074, 2219902000000, 
-1.0241740007963067, -1.164821304588137, -1.5689750336240615, 2220004000000, 
-1.0241357032249598, -1.1735181056627546, -1.5642011462286303, 2220106000000, 
-1.0240599753400212, -1.1821254555286334, -1.5602169159413142, 2220208000000, 
-1.0239535841451448, -1.1906420402427444, -1.556895232539493, 2220310000000, 
-1.0238224510049494, -1.199069332387113, -1.554128306822619, 2220412000000, 
-1.0236714645175167, -1.207409889772365, -1.551822709174881, 2220514000000, 
-1.0235045136794052, -1.2156652362277336, -1.5499023892161228, 2220616000000, 
-1.023386067068538, -1.2211215055616698, -1.5487670563312668, 2220684000000, 
-1.0231995891859693, -1.2292347395793886, -1.5473571386448017, 2220786000000, 
-1.0230047067894052, -1.237262576325486, -1.5461825914113185, 2220888000000, 
-1.0228034333249079, -1.245206337670527, -1.545204778610125, 2220990000000, 
-1.0225974856510398, -1.2530588275679133, -1.5443833479809868, 2221092000000, 
-1.0223881094337401, -1.260821115371995, -1.5437245607071357, 2221194000000, 
-1.0221758857830023, -1.2685209236769708, -1.5431574253077551, 2221296000000, 
-1.0219620799634053, -1.2761402366447356, -1.5426834226990922, 2221398000000, 
-1.0217474637386503, -1.2836798878656583, -1.5422917971069512, 2221500000000, 
-1.0215325619079654, -1.291141385252761, -1.541965485657075, 2221602000000, 
-1.021317835232989, -1.298525424633592, -1.5416938872698818, 2221704000000, 
-1.0211036686233246, -1.3058327994415584, -1.541467943747338, 2221806000000, 
-1.0208904016953202, -1.3130640578114445, -1.5412798157160357, 2221908000000, 
-1.0206782562655525, -1.3202195968773611, -1.541123232588337, 2222010000000, 
-1.0204674293196656, -1.3273003602943618, -1.5409929166531078, 2222112000000, 
-1.020327679335863, -1.3319799109672767, -1.5409158734922017, 2222180000000, 
-1.0201193415320606, -1.3389385007335808, -1.5408203140045131, 2222282000000, 
-1.0199126412578823, -1.3458248566355229, -1.5407407630672592, 2222384000000, 
-1.0197076598891543, -1.3526394616165716, -1.5406745388073961, 2222486000000, 
-1.0195046903207774, -1.3593752037112854, -1.540618890611493, 2222588000000, 
-1.0193037776483012, -1.366032618940955, -1.540574204626685, 2222690000000, 
-1.0191042435510045, -1.372636043223474, -1.5405357504147672, 2222792000000, 
-1.018906569733163, -1.379170880401312, -1.540503559039002, 2222894000000, 
-1.0187107631343706, -1.3856381002722276, -1.540476887592214, 2222996000000, 
-1.0185168273876586, -1.3920383674965013, -1.5404546050324768, 2223098000000, 
-1.018324788022799, -1.3983715958689327, -1.5404359842045057, 2223200000000, 
-1.018134642505956, -1.4046385870161384, -1.5404204186140704, 2223302000000, 
-1.0179463760792913, -1.4108403143350512, -1.5404073863789953, 2223404000000, 
-1.017759978420987, -1.4169776033433805, -1.540396476502432, 2223506000000, 
-1.0176367484648292, -1.4210335890584926, -1.5403899870869737, 2223574000000, 
-1.0174534560221966, -1.4270645849786605, -1.5403818828073097, 2223676000000, 
-1.017272009608384, -1.433032704616147, -1.5403750889943852, 2223778000000, 
-1.0170923972660195, -1.4389387446764936, -1.5403693734747295, 2223880000000, 
-1.0169156341931875, -1.444749570346267, -1.5403648420240594, 2223982000000, 
-1.0167400699846696, -1.4505195676771376, -1.5403608028848947, 2224084000000, 
-1.0165658916236684, -1.4562428423431097, -1.5403573914736355, 2224186000000, 
-1.0163934911001806, -1.4619066668084677, -1.5403545307096345, 2224288000000, 
-1.0162228315538557, -1.4675124228561751, -1.540352097754186, 2224390000000, 
-1.0160539235327757, -1.4730599050305742, -1.5403500504600238, 2224492000000, 
-1.015886769769554, -1.4785491197218752, -1.5403483177647226, 2224594000000, 
-1.015721343347964, -1.4839810396737823, -1.5403468502876607, 2224696000000, 
-1.0155576273843576, -1.4893563638022012, -1.5403456096795802, 2224798000000, 
-1.0153956051190827, -1.4946756810072102, -1.5403445578696633, 2224900000000, 
-1.0152352617466638, -1.499939563677493, -1.540343666005511, 2225002000000, 
-1.015129290469927, -1.5034183440559876, -1.5403431200267763, 2225070000000, 
-1.0149717093667407, -1.5085911952598579, -1.5403424490316897, 2225172000000, 
-1.0148157685045782, -1.5137101152129822, -1.540341879855857, 2225274000000, 
-1.0146614492514847, -1.5187757389479692, -1.5403413907946, 2225376000000, 
-1.0145089095593038, -1.523782863468412, -1.5403409886488473, 2225478000000, 
-1.0143581396001444, -1.528731890414796, -1.540340633372495, 2225580000000, 
-1.0142085921620814, -1.5336408031825048, -1.540340363526828, 2225682000000, 
-1.0140606014029254, -1.5384986125779507, -1.5403401256786462, 2225784000000, 
-1.0139141476326867, -1.5433059769947677, -1.540339920006979, 2225886000000, 
-1.0137692104936413, -1.5480636290515732, -1.5403397494620148, 2225988000000, 
-1.013625789563623, -1.552771550131131, -1.540339604910126, 2226090000000, 
-1.013483869111139, -1.5574302793991424, -1.540339480957866, 2226192000000, 
-1.0133434293733106, -1.5620404667144299, -1.5403393783652195, 2226294000000, 
-1.0132044542598824, -1.5666026149556809, -1.5403392872842303, 2226396000000, 
-1.0130669272596333, -1.5711173183204439, -1.5403392099445947, 2226498000000, 
-1.012976040945667, -1.574100921476978, -1.540339142612256, 2226566000000, 
-1.0128408971356824, -1.5785374467215154, -1.5403390757546784, 2226668000000, 
-1.0127071609151737, -1.5829277942810238, -1.5403390131038441, 2226770000000, 
-1.0125748189947719, -1.5872724029017549, -1.5403389468252133, 2226872000000, 
-1.0124440055287263, -1.5915668210366387, -1.54033889119755, 2226974000000, 
-1.012314711588089, -1.5958113752571073, -1.5403388101522617, 2227076000000, 
-1.0121864636871345, -1.6000215669782591, -1.540338766476903, 2227178000000, 
-1.012059549729518, -1.6041879525965101, -1.5403387052678412, 2227280000000, 
-1.0119339528137878, -1.608311113394163, -1.5403386348328774, 2227382000000, 
-1.0118096582764255, -1.6123915212142588, -1.5403385654394774, 2227484000000, 
-1.0116866624409624, -1.6164292783706578, -1.5403384919923968, 2227586000000, 
-1.011564949610762, -1.6204249057469844, -1.5403384178438624, 2227688000000, 
-1.01144450381369, -1.6243789324492297, -1.5403383432077895, 2227790000000, 
-1.0113253133397715, -1.6282917356031255, -1.5403382679216975, 2227892000000, 
-1.011246543396804, -1.6308775950345098, -1.540338209315937, 2227960000000, 
-1.0111294148829344, -1.634722674349153, -1.5403381328342085, 2228062000000, 
-1.011013503798942, -1.6385277806002678, -1.5403380582055686, 2228164000000, 
-1.0108987995351284, -1.6422932378956654, -1.5403379879755765, 2228266000000, 
-1.0107854218803258, -1.6460151273411658, -1.540337930201277, 2228368000000, 
-1.0106733603403724, -1.649693811575938, -1.5403378419038358, 2228470000000, 
-1.010562203888862, -1.653342749442837, -1.540337790967788, 2228572000000, 
-1.0104522030308787, -1.656953766454167, -1.5403377364372943, 2228674000000, 
-1.0103433454382151, -1.6605272257832164, -1.5403376723341486, 2228776000000, 
-1.0102356161515293, -1.664063645483333, -1.540337611728238, 2228878000000, 
-1.0101290105292042, -1.667563158961159, -1.540337552218319, 2228980000000, 
-1.010023517546494, -1.6710261810148155, -1.540337492871141, 2229082000000, 
-1.0099191253769912, -1.6744530535501274, -1.5403374342080358, 2229184000000, 
-1.0098158211507755, -1.67784419677228, -1.5403373735048138, 2229286000000, 
-1.0097135904969115, -1.6812000929338917, -1.5403373146228063, 2229388000000, 
-1.0096124252310084, -1.6845210074326793, -1.5403372510825255, 2229490000000, 
-1.0095455674998968, -1.686715706418211, -1.5403372055021072, 2229558000000, 
-1.0094461524741072, -1.6899791433597715, -1.5403371393233332, 2229660000000, 
-1.0093477715045573, -1.6932086326829507, -1.540337076284886, 2229762000000, 
-1.0092504158169964, -1.6964044462763221, -1.5403370091317574, 2229864000000, 
-1.0091541850047705, -1.699563308133772, -1.5403369475729045, 2229966000000, 
-1.0090590697193333, -1.7026855510130776, -1.5403368651066853, 2230068000000, 
-1.0089647240157538, -1.705782515151874, -1.5403368135627598, 2230170000000, 
-1.0088713610604063, -1.7088472166714819, -1.5403367498775005, 2230272000000, 
-1.008778965565489, -1.7118801633575056, -1.5403366791593016, 2230374000000, 
-1.0086875275321396, -1.7148816690898145, -1.5403366132734753, 2230476000000, 
-1.0085970458443603, -1.7178517716085844, -1.5403365459893223, 2230578000000, 
-1.0085075078108658, -1.720790893199339, -1.540336473449593, 2230680000000, 
-1.008418902127939, -1.7236994074239267, -1.5403364080562818, 2230782000000, 
-1.008331220796433, -1.7265775700164034, -1.5403363414502302, 2230884000000, 
-1.008244451701207, -1.7294257840211824, -1.5403362709795239, 2230986000000, 
-1.0081871072299982, -1.7313081344385057, -1.540336222989542, 2231054000000, 
-1.0081018394492889, -1.7341070658647544, -1.5403361549272199, 2231156000000, 
-1.0080174602332281, -1.7368768250621778, -1.5403360891584432, 2231258000000, 
-1.0079339576979658, -1.7396178001678504, -1.540336028140647, 2231360000000, 
-1.0078514204800386, -1.7423270784520266, -1.5403359686211113, 2231462000000, 
-1.007769843629371, -1.7450048525808883, -1.5403358942658596, 2231564000000, 
-1.0076889253767394, -1.7476609786400708, -1.5403358394432574, 2231666000000, 
-1.00760884658421, -1.750289510086606, -1.5403357868760565, 2231768000000, 
-1.007529601817474, -1.7528907264425344, -1.5403357233293242, 2231870000000, 
-1.0074511782939, -1.7554649409950085, -1.5403356614427195, 2231972000000, 
-1.0073735713894523, -1.7580123386092834, -1.540335601211879, 2232074000000, 
-1.0072967755923223, -1.760533122436707, -1.540335544634374, 2232176000000, 
-1.0072207818029795, -1.7630276101089561, -1.540335485413487, 2232278000000, 
-1.0071455776841585, -1.7654961451324365, -1.5403354245351581, 2232380000000, 
-1.0070711577201816, -1.7679389355002741, -1.5403353686794776, 2232482000000, 
-1.0069975129783022, -1.7703562943554092, -1.540335310987968, 2232584000000, 
-1.006948841639696, -1.7719538922328313, -1.5403352645288335, 2232652000000, 
-1.0068764707298758, -1.7743294263527742, -1.5403352044026073, 2232754000000, 
-1.0068048544017298, -1.7766801707514668, -1.5403351465629675, 2232856000000, 
-1.0067339822306174, -1.779006503007582, -1.5403350888431149, 2232958000000, 
-1.0066642545219575, -1.7812952699947762, -1.5403350377676321, 2233060000000, 
-1.0065950166922855, -1.7835679909631583, -1.54033496915327, 2233162000000, 
-1.0065263361412122, -1.7858223693960087, -1.5403349147689704, 2233264000000, 
-1.0064581344000503, -1.788061033625593, -1.5403348522957725, 2233366000000, 
-1.0063908667341932, -1.7902690440111617, -1.5403347873344826, 2233468000000, 
-1.0063242955293588, -1.7924541762609583, -1.5403347323107401, 2233570000000, 
-1.0062584255894218, -1.7946162851761351, -1.5403346664817665, 2233672000000, 
-1.006193250315014, -1.7967555906442998, -1.540334599183008, 2233774000000, 
-1.0061287496956808, -1.7988727104400044, -1.5403345355514944, 2233876000000, 
-1.0060649204020644, -1.8009678144464214, -1.5403344671062933, 2233978000000, 
-1.0060017567031114, -1.8030410891692048, -1.5403343989637333, 2234080000000, 
-1.0059600111992388, -1.8044113258727026, -1.540334345101727, 2234148000000, 
-1.0058979380144424, -1.80644876974458, -1.5403342823240076, 2234250000000, 
-1.005836513194887, -1.8084649228521255, -1.540334214103067, 2234352000000, 
-1.005775725592081, -1.81046013167008, -1.54033414249197, 2234454000000, 
-1.0057159182674658, -1.81242320697817, -1.5403340856212033, 2234556000000, 
-1.0056565314655794, -1.814372446149033, -1.540334010262072, 2234658000000, 
-1.0055976263240667, -1.8163058885161063, -1.5403339416455366, 2234760000000, 
-1.005539330878089, -1.8182192941562803, -1.5403338823385506, 2234862000000, 
-1.0054816343020345, -1.8201130480483991, -1.5403338137791995, 2234964000000, 
-1.0054245379155367, -1.8219871113237966, -1.5403337449268697, 2235066000000, 
-1.0053680391008777, -1.8238415540079036, -1.540333686778719, 2235168000000, 
-1.0053121324609946, -1.8256765477802601, -1.5403336177956446, 2235270000000, 
-1.0052568068807346, -1.8274924616033847, -1.540333549275503, 2235372000000, 
-1.0052020562935873, -1.8292895141254433, -1.5403334912373612, 2235474000000, 
-1.0051478780789418, -1.8310677696100173, -1.5403334239425264, 2235576000000, 
-1.0050942645192025, -1.8328274932108544, -1.5403333546538942, 2235678000000, 
-1.00505883046988, -1.8339904952561232, -1.5403333116880265, 2235746000000, 
-1.0050061431092236, -1.83571980752338, -1.5403332478444773, 2235848000000, 
-1.0049540059978161, -1.837431072886724, -1.5403331838508523, 2235950000000, 
-1.0049024090795615, -1.8391245814122443, -1.540333120307681, 2236052000000, 
-1.0048514095596381, -1.8407984840067058, -1.540333059000133, 2236154000000, 
-1.0048010030146175, -1.8424529037674913, -1.540332990074344, 2236256000000, 
-1.0047510031720235, -1.844094019386315, -1.5403329321837669, 2236358000000, 
-1.004701522339104, -1.8457180527249484, -1.5403328752947523, 2236460000000, 
-1.0046525574360043, -1.8473251490146505, -1.5403328119759718, 2236562000000, 
-1.004604099172705, -1.8489156338375863, -1.5403327460101535, 2236664000000, 
-1.0045561447962095, -1.850489564005949, -1.5403326878632815, 2236766000000, 
-1.0045086932381857, -1.8520469911804163, -1.540332624542527, 2236868000000, 
-1.004461737454201, -1.8535881700850845, -1.5403325604526155, 2236970000000, 
-1.004415266958787, -1.8551133715733785, -1.5403324990849052, 2237072000000, 
-1.0043692818452616, -1.8566226577881793, -1.5403324391553375, 2237174000000, 
-1.0043388928069177, -1.8576200701196541, -1.5403323955011714, 2237242000000, 
-1.004293703511001, -1.859103256698848, -1.5403323310105619, 2237344000000, 
-1.0042489849142187, -1.8605709647462862, -1.5403322728790416, 2237446000000, 
-1.0042047327397343, -1.8620233739289207, -1.5403322096606196, 2237548000000, 
-1.0041609894113777, -1.8634590319716366, -1.5403321551444977, 2237650000000, 
-1.0041177568161885, -1.864878007088978, -1.5403320850970688, 2237752000000, 
-1.004074872125688, -1.866285508792843, -1.5403320262496099, 2237854000000, 
-1.0040324342897848, -1.8676783475365717, -1.5403319708702345, 2237956000000, 
-1.0039904381055567, -1.8690567065615462, -1.5403319086821778, 2238058000000, 
-1.0039488745671066, -1.870420851434185, -1.5403318511692285, 2238160000000, 
-1.0039077467022153, -1.8717706904325295, -1.5403317872813473, 2238262000000, 
-1.0038670472711162, -1.8731064573849063, -1.5403317239142975, 2238364000000, 
-1.0038267730378962, -1.8744283030150315, -1.5403316657589703, 2238466000000, 
-1.0037869181415142, -1.8757363804841578, -1.5403316014353245, 2238568000000, 
-1.00374747796216, -1.8770308211376954, -1.540331543605051, 2238670000000, 
-1.0037214135986732, -1.8778862692608622, -1.5403314992619561, 2238738000000, 
-1.0036826546484794, -1.879158336412012, -1.5403314344213688, 2238840000000, 
-1.0036442999054036, -1.88041715393981, -1.5403313752823342, 2238942000000, 
-1.0036063464320606, -1.8816628137153546, -1.5403313088917412, 2239044000000, 
-1.0035688294578613, -1.882894139136774, -1.5403312520348664, 2239146000000, 
-1.0035317490581104, -1.8841111180190824, -1.5403311816062435, 2239248000000, 
-1.0034949690769224, -1.885318283404115, -1.5403311196578116, 2239350000000, 
-1.0034585697193275, -1.886512897388073, -1.5403310622482769, 2239452000000, 
-1.0034225504768601, -1.8876950420202079, -1.5403309953714894, 2239554000000, 
-1.003386904422262, -1.8888649855600828, -1.5403309285408222, 2239656000000, 
-1.003351627084714, -1.8900227467334745, -1.5403308666228268, 2239758000000, 
-1.0033167214208172, -1.8911683582759653, -1.5403307993212256, 2239860000000, 
-1.003282180092485, -1.8923020384768414, -1.5403307288770451, 2239962000000, 
-1.0032479949122033, -1.8934239477215353, -1.5403306670671657, 2240064000000, 
-1.0032141695211594, -1.894534130520777, -1.540330598534886, 2240166000000, 
-1.0031806943007626, -1.8956327649518316, -1.5403305291708986, 2240268000000, 
-1.0031585712173594, -1.8963588371846463, -1.5403304872273487, 2240336000000, 
-1.0031256762424292, -1.8974384267953852, -1.5403304166248297, 2240438000000, 
-1.003093123032879, -1.8985068261374893, -1.5403303475767012, 2240540000000, 
-1.0030609081799617, -1.899564087344679, -1.5403302831446177, 2240642000000, 
-1.0030290666250272, -1.90060910240961, -1.5403302144559772, 2240744000000, 
-1.0029975934326505, -1.9016420396670974, -1.540330142410065, 2240846000000, 
-1.0029663761269676, -1.9026665588331528, -1.5403300779125106, 2240948000000, 
-1.0029354836489281, -1.9036804174469193, -1.540330007606138, 2241050000000, 
-1.0029049098273706, -1.9046838156287813, -1.5403299435692173, 2241152000000, 
-1.002874654668743, -1.90567675546365, -1.5403298743692295, 2241254000000, 
-1.0028447159571192, -1.9066593063788684, -1.5403298024223906, 2241356000000, 
-1.00281508636162, -1.9076316794608315, -1.5403297356755525, 2241458000000, 
-1.0027857671555427, -1.9085938905036794, -1.5403296698924334, 2241560000000, 
-1.0027567559823203, -1.90954602399368, -1.5403296011620227, 2241662000000, 
-1.0027375814685149, -1.910175308161966, -1.5403295504312335, 2241730000000, 
-1.0027090680866906, -1.9111110364376132, -1.5403294882300713, 2241832000000, 
-1.0026808548052024, -1.9120369613309687, -1.5403294199048934, 2241934000000, 
-1.0026529336948906, -1.9129532823123332, -1.5403293518408132, 2242036000000, 
-1.0026253343767122, -1.9138590188314764, -1.5403292889610085, 2242138000000, 
-1.002598058122465, -1.9147541943172022, -1.5403292173558074, 2242240000000, 
-1.0025709991358878, -1.9156421923570515, -1.5403291542312056, 2242342000000, 
-1.0025442238820101, -1.9165208941694871, -1.5403290910491445, 2242444000000, 
-1.00251772691389, -1.9173904617881077, -1.5403290226147524, 2242546000000, 
-1.002491502025241, -1.918251095938685, -1.5403289598021332, 2242648000000, 
-1.0024655540976721, -1.9191026862440606, -1.5403288944280573, 2242750000000, 
-1.0024398758555428, -1.9199453768517862, -1.5403288269327606, 2242852000000, 
-1.0024144629002936, -1.9207793290902861, -1.5403287677892112, 2242954000000, 
-1.0023893187421422, -1.9216045317825858, -1.540328701343561, 2243056000000, 
-1.0023644333483, -1.922421181961184, -1.5403286334771769, 2243158000000, 
-1.0023479862737832, -1.922960914355935, -1.5403285898302614, 2243226000000, 
-1.0023235327976754, -1.923763408826612, -1.5403285248439103, 2243328000000, 
-1.0022993344487026, -1.9245575657009446, -1.5403284578043481, 2243430000000, 
-1.0022753859126503, -1.925343462912822, -1.54032839673226, 2243532000000, 
-1.002251827090031, -1.9261166218616126, -1.540328334742801, 2243634000000, 
-1.0022284299754736, -1.9268844230943132, -1.5403282672629586, 2243736000000, 
-1.0022052225847926, -1.9276460372483468, -1.5403282079177343, 2243838000000, 
-1.0021822585090039, -1.9283996400985148, -1.540328141828595, 2243940000000, 
-1.002159528815424, -1.9291455452344521, -1.5403280740408407, 2244042000000, 
-1.0021370328475783, -1.9298837739581853, -1.5403280108664366, 2244144000000, 
-1.0021147754023887, -1.9306141966542454, -1.540327946659887, 2244246000000, 
-1.0020927519980152, -1.9313369424591147, -1.5403278793724642, 2244348000000, 
-1.002070955896717, -1.932052239439072, -1.5403278171838284, 2244450000000, 
-1.0020493870764744, -1.9327600471585913, -1.5403277552798251, 2244552000000, 
-1.002028044279977, -1.9334604549997803, -1.540327689102795, 2244654000000, 
-1.0020139370277132, -1.9339233705658376, -1.5403276439386981, 2244722000000, 
-1.0019929616549774, -1.9346117290901665, -1.5403275829895926, 2244824000000, 
-1.0019722064578787, -1.9352928311583537, -1.5403275147173725, 2244926000000, 
-1.0019516666516588, -1.9359668574687825, -1.540327446200047, 2245028000000, 
-1.0019313624921364, -1.9366331897083768, -1.5403273811629468, 2245130000000, 
-1.0019112948383975, -1.9372917321316856, -1.540327315326361, 2245232000000, 
-1.001891390815607, -1.937944881000221, -1.5403272500932759, 2245334000000, 
-1.0018716930933378, -1.938591307931235, -1.5403271878493454, 2245436000000, 
-1.0018521979645265, -1.9392310338400043, -1.540327124754512, 2245538000000, 
-1.0018329078047987, -1.939864047901763, -1.5403270554097226, 2245640000000, 
-1.001813819533081, -1.9404904827642706, -1.5403269882339865, 2245742000000, 
-1.001794926650312, -1.9411104500560015, -1.5403269218979494, 2245844000000, 
-1.0017762325679351, -1.9417239086631368, -1.5403268572043252, 2245946000000, 
-1.0017577355189, -1.942330920794489, -1.5403267915104042, 2246048000000, 
-1.0017394275475022, -1.9429316804833305, -1.5403267248209414, 2246150000000, 
-1.0017273278445524, -1.9433287330271842, -1.5403266791970296, 2246218000000, 
-1.001709338580728, -1.943919058982108, -1.5403266131507283, 2246320000000, 
-1.0016915376884052, -1.9445032086009426, -1.540326544596334, 2246422000000, 
-1.001673920093108, -1.9450813545585983, -1.5403264785279407, 2246524000000, 
-1.0016565052433097, -1.945652811295192, -1.5403264166268649, 2246626000000, 
-1.001639295625009, -1.9462175699078708, -1.5403263449719289, 2246728000000, 
-1.0016222218456665, -1.9467778301547238, -1.5403262818022312, 2246830000000, 
-1.0016053274468422, -1.947332208258877, -1.540326215397875, 2246932000000, 
-1.0015886091775557, -1.9478808534075727, -1.540326147413296, 2247034000000, 
-1.0015720627190052, -1.9484238103951843, -1.5403260840726443, 2247136000000, 
-1.0015556901305922, -1.9489610766562036, -1.5403260128729142, 2247238000000, 
-1.0015394869341698, -1.9494927788542358, -1.5403259503189104, 2247340000000, 
-1.0015234536134772, -1.950018889083598, -1.5403258797518986, 2247442000000, 
-1.0015075872528953, -1.9505395656297166, -1.540325811072478, 2247544000000, 
